"ID","GB_ACC","SPOT_ID","Species.Scientific.Name","Annotation.Date","Sequence.Type","Sequence.Source","Target.Description","Representative.Public.ID","Gene.Title","Gene.Symbol","ENTREZ_GENE_ID","RefSeq.Transcript.ID","Gene.Ontology.Biological.Process","Gene.Ontology.Cellular.Component","Gene.Ontology.Molecular.Function","logFC","AveExpr","t","P.Value","adj.P.Val","B"
"236191_at","T81422","","Homo sapiens","Oct 6, 2014","Consensus sequence","GenBank","gb:T81422 /DB_XREF=gi:704307 /DB_XREF=yd96d09.s1 /CLONE=IMAGE:116081 /FEA=EST /CNT=6 /TID=Hs.14922.0 /TIER=ConsEnd /STK=5 /UG=Hs.14922 /UG_TITLE=ESTs","T81422","","","","","","","",2.39655410625616,8.31265185269996,7.06773505807153,5.70203757197719e-08,0.00311758904247853,8.1350840938902
"222129_at","AK026155","","Homo sapiens","Oct 6, 2014","Consensus sequence","GenBank","gb:AK026155.1 /DB_XREF=gi:10438915 /FEA=mRNA /CNT=15 /TID=Hs.298140.0 /TIER=ConsEnd /STK=0 /UG=Hs.298140 /UG_TITLE=Homo sapiens cDNA: FLJ22502 fis, clone HRC11383 /DEF=Homo sapiens cDNA: FLJ22502 fis, clone HRC11383.","AK026155","family with sequence similarity 134, member A","FAM134A","79137","NM_024293 /// XM_005246848 /// XM_005246849","","0016020 // membrane // inferred from electronic annotation /// 0016021 // integral component of membrane // inferred from electronic annotation","",-0.978880366216204,7.76857313584169,-6.1232716238514,8.19212536762759e-07,0.0126853840460491,5.75904307160909
"228261_at","BE045549","","Homo sapiens","Oct 6, 2014","Consensus sequence","GenBank","gb:BE045549 /DB_XREF=gi:8362602 /DB_XREF=hh23d12.x1 /CLONE=IMAGE:2955959 /FEA=EST /CNT=20 /TID=Hs.135805.0 /TIER=Stack /STK=11 /UG=Hs.135805 /UG_TITLE=ESTs, Weakly similar to KIAA1323 protein (H.sapiens)","BE045549","mindbomb E3 ubiquitin protein ligase 2","MIB2","142678","NM_001170686 /// NM_001170687 /// NM_001170688 /// NM_001170689 /// NM_080875 /// NR_033183 /// XM_006710366 /// XM_006710367 /// XM_006710368 /// XM_006710369 /// XM_006710370 /// XM_006710371 /// XM_006710372 /// XM_006710373 /// XM_006710374 /// XM_006710375","0007219 // Notch signaling pathway // inferred from electronic annotation /// 0016567 // protein ubiquitination // inferred from electronic annotation /// 0043123 // positive regulation of I-kappaB kinase/NF-kappaB signaling // inferred from mutant phenotype","0000151 // ubiquitin ligase complex // inferred from electronic annotation /// 0005737 // cytoplasm // inferred from electronic annotation /// 0005768 // endosome // inferred from electronic annotation /// 0005769 // early endosome // inferred from electronic annotation","0003779 // actin binding // inferred from electronic annotation /// 0004842 // ubiquitin-protein transferase activity // inferred from electronic annotation /// 0004871 // signal transducer activity // inferred from mutant phenotype /// 0005515 // protein binding // inferred from physical interaction /// 0008270 // zinc ion binding // inferred from electronic annotation /// 0016874 // ligase activity // inferred from electronic annotation /// 0046872 // metal ion binding // inferred from electronic annotation",-1.00217422751899,6.24811540615895,-6.10127918283069,8.72379064710224e-07,0.0126853840460491,5.62829124246948
"200616_s_at","BC000371","","Homo sapiens","Oct 6, 2014","Exemplar sequence","GenBank","gb:BC000371.1 /DB_XREF=gi:12653206 /FEA=FLmRNA /CNT=482 /TID=Hs.181418.0 /TIER=FL+Stack /STK=34 /UG=Hs.181418 /LL=9761 /UG_GENE=KIAA0152 /DEF=Homo sapiens, KIAA0152 gene product, clone MGC:8341, mRNA, complete cds. /PROD=KIAA0152 gene product /FL=gb:NM_014730.1 gb:BC000371.1 gb:D63486.1","BC000371","malectin","MLEC","9761","NM_014730","0005975 // carbohydrate metabolic process // inferred from electronic annotation /// 0006457 // protein folding // traceable author statement /// 0018279 // protein N-linked glycosylation via asparagine // traceable author statement /// 0043687 // post-translational protein modification // traceable author statement /// 0044267 // cellular protein metabolic process // traceable author statement","0005783 // endoplasmic reticulum // inferred from sequence or structural similarity /// 0005789 // endoplasmic reticulum membrane // traceable author statement /// 0016020 // membrane // inferred from direct assay /// 0016020 // membrane // inferred from electronic annotation /// 0016021 // integral component of membrane // inferred from electronic annotation","0019899 // enzyme binding // inferred from physical interaction /// 0030246 // carbohydrate binding // inferred from sequence or structural similarity",1.51127109696299,8.90388529223219,6.06466987288992,9.68706766711356e-07,0.0126853840460491,5.60863162534863
"204661_at","NM_001803","","Homo sapiens","Oct 6, 2014","Exemplar sequence","GenBank","gb:NM_001803.1 /DB_XREF=gi:4502760 /GEN=CDW52 /FEA=FLmRNA /CNT=83 /TID=Hs.276770.0 /TIER=FL+Stack /STK=33 /UG=Hs.276770 /LL=1043 /DEF=Homo sapiens CDW52 antigen (CAMPATH-1 antigen) (CDW52), mRNA. /PROD=CDW52 antigen (CAMPATH-1 antigen) /FL=gb:BC000644.1 gb:NM_001803.1","NM_001803","CD52 molecule","CD52","1043","NM_001803","0007204 // positive regulation of cytosolic calcium ion concentration // inferred from direct assay /// 0045730 // respiratory burst // non-traceable author statement","0005886 // plasma membrane // inferred from electronic annotation /// 0005887 // integral component of plasma membrane // traceable author statement /// 0016020 // membrane // traceable author statement /// 0031225 // anchored component of membrane // inferred from electronic annotation","",-0.986858513686634,11.7288090386587,-5.93813601842238,1.39208604071869e-06,0.0126853840460491,5.3117929810114
"46665_at","AI949392","","Homo sapiens","Oct 6, 2014","Consensus sequence","GenBank","Cluster Incl. AI949392:wq11a04.x1 Homo sapiens cDNA, 3 end /clone=IMAGE-2470926 /clone_end=3' /gb=AI949392 /gi=5741790 /ug=Hs.7188 /len=596","AI949392","sema domain, immunoglobulin domain (Ig), transmembrane domain (TM) and short cytoplasmic domain, (semaphorin) 4C","SEMA4C","54910","NM_017789 /// XM_006712606","0001843 // neural tube closure // inferred from sequence or structural similarity /// 0007275 // multicellular organismal development // inferred from electronic annotation /// 0007399 // nervous system development // inferred from electronic annotation /// 0021535 // cell migration in hindbrain // inferred from sequence or structural similarity /// 0021549 // cerebellum development // inferred from electronic annotation /// 0030154 // cell differentiation // inferred from electronic annotation /// 0032874 // positive regulation of stress-activated MAPK cascade // inferred from direct assay /// 0042692 // muscle cell differentiation // inferred from direct assay /// 0071526 // semaphorin-plexin signaling pathway // inferred from sequence or structural similarity","0005615 // extracellular space // inferred from direct assay /// 0005886 // plasma membrane // inferred from electronic annotation /// 0014069 // postsynaptic density // inferred from sequence or structural similarity /// 0016020 // membrane // inferred from electronic annotation /// 0016021 // integral component of membrane // inferred from electronic annotation /// 0030054 // cell junction // inferred from electronic annotation /// 0030672 // synaptic vesicle membrane // inferred from sequence or structural similarity /// 0031410 // cytoplasmic vesicle // inferred from electronic annotation /// 0045202 // synapse // inferred from electronic annotation /// 0045211 // postsynaptic membrane // inferred from electronic annotation","0004872 // receptor activity // inferred from electronic annotation /// 0005515 // protein binding // inferred from electronic annotation",-1.27366652368401,8.45562942612648,-5.94417316884778,1.36818317903825e-06,0.0126853840460491,5.30022634644209
"1559394_a_at","AA284248","","Homo sapiens","Oct 6, 2014","Consensus sequence","GenBank","gb:AA284248 /DB_XREF=gi:1928548 /DB_XREF=zc65d06.T7 /CLONE=IMAGE:327179 /TID=Hs2.103002.1 /CNT=5 /FEA=mRNA /TIER=ConsEnd /STK=0 /UG=Hs.103002 /UG_TITLE=Homo sapiens full length insert cDNA clone ZC65D06","AA284248","","","","","","","",-2.60288314000846,2.27392690883951,-5.85205880003181,1.78236406606076e-06,0.0139215364731246,3.86444840104707
"232686_at","AI801574","","Homo sapiens","Oct 6, 2014","Consensus sequence","GenBank","gb:AI801574 /DB_XREF=gi:5367046 /DB_XREF=to91c01.x1 /CLONE=IMAGE:2185632 /FEA=mRNA /CNT=5 /TID=Hs.132045.0 /TIER=ConsEnd /STK=2 /UG=Hs.132045 /UG_TITLE=Homo sapiens HSPC078 mRNA, partial cds","AI801574","sialic acid binding Ig-like lectin 17, pseudogene","SIGLEC17P","284367","NR_002804 /// NR_047529 /// NR_047530 /// NR_047531","","","",-1.43147393773194,6.43936856344507,-5.68123242796583,2.91348600019278e-06,0.0198348809985557,4.55473026924571
"229872_s_at","AA532655","","Homo sapiens","Oct 6, 2014","Consensus sequence","GenBank","gb:AA532655 /DB_XREF=gi:2276909 /DB_XREF=nj17d09.s1 /CLONE=IMAGE:986609 /FEA=EST /CNT=21 /TID=Hs.295901.2 /TIER=Stack /STK=10 /UG=Hs.295901 /LL=57234 /UG_GENE=KIAA0493 /UG_TITLE=KIAA0493 protein","AA532655","uncharacterized LOC100996740","LOC100996740","100996740","XM_003846501 /// XM_005276150","","","",-1.17678285468449,11.3765801778995,-5.6051238837959,3.6277788749073e-06,0.0198348809985557,4.40767055717291
"230802_at","AI761947","","Homo sapiens","Oct 6, 2014","Consensus sequence","GenBank","gb:AI761947 /DB_XREF=gi:5177614 /DB_XREF=wh50b09.x1 /CLONE=IMAGE:2384153 /FEA=EST /CNT=11 /TID=Hs.131587.0 /TIER=Stack /STK=8 /UG=Hs.131587 /UG_TITLE=ESTs, Weakly similar to Y053_HUMAN HYPOTHETICAL PROTEIN KIAA0053 (H.sapiens)","AI761947","Rho GTPase activating protein 24","ARHGAP24","83478","NM_001025616 /// NM_001042669 /// NM_001287805 /// NM_031305 /// XM_005263263","0001525 // angiogenesis // inferred from electronic annotation /// 0007165 // signal transduction // inferred from electronic annotation /// 0007264 // small GTPase mediated signal transduction // traceable author statement /// 0007275 // multicellular organismal development // inferred from electronic annotation /// 0030154 // cell differentiation // inferred from electronic annotation /// 0032863 // activation of Rac GTPase activity // inferred from electronic annotation /// 0035021 // negative regulation of Rac protein signal transduction // inferred from electronic annotation /// 0035313 // wound healing, spreading of epidermal cells // inferred from electronic annotation /// 0051056 // regulation of small GTPase mediated signal transduction // traceable author statement /// 1900028 // negative regulation of ruffle assembly // inferred from electronic annotation","0005622 // intracellular // inferred from electronic annotation /// 0005737 // cytoplasm // inferred from electronic annotation /// 0005829 // cytosol // traceable author statement /// 0005856 // cytoskeleton // inferred from electronic annotation /// 0005912 // adherens junction // inferred from electronic annotation /// 0005925 // focal adhesion // inferred from electronic annotation /// 0030054 // cell junction // inferred from electronic annotation /// 0042995 // cell projection // inferred from electronic annotation","0005096 // GTPase activator activity // inferred from electronic annotation /// 0005515 // protein binding // inferred from physical interaction /// 0030675 // Rac GTPase activator activity // inferred from electronic annotation",-1.66717743628445,6.32662016016329,-5.61898611605677,3.4857055301762e-06,0.0198348809985557,4.38637370612909
"207181_s_at","NM_001227","","Homo sapiens","Oct 6, 2014","Exemplar sequence","GenBank","gb:NM_001227.1 /DB_XREF=gi:4502580 /GEN=CASP7 /FEA=FLmRNA /CNT=11 /TID=Hs.9216.0 /TIER=FL /STK=0 /UG=Hs.9216 /LL=840 /DEF=Homo sapiens caspase 7, apoptosis-related cysteine protease (CASP7), mRNA. /PROD=caspase 7, apoptosis-related cysteine protease /FL=gb:U67319.1 gb:U67320.1 gb:NM_001227.1 gb:U37448.1 gb:U40281.1","NM_001227","caspase 7, apoptosis-related cysteine peptidase","CASP7","840","NM_001227 /// NM_001267056 /// NM_001267057 /// NM_001267058 /// NM_033338 /// NM_033339 /// NM_033340 /// XM_006718016 /// XM_006718017 /// XM_006718018 /// XM_006718019","0001836 // release of cytochrome c from mitochondria // inferred from electronic annotation /// 0006508 // proteolysis // inferred from direct assay /// 0006915 // apoptotic process // traceable author statement /// 0006921 // cellular component disassembly involved in execution phase of apoptosis // traceable author statement /// 0007507 // heart development // inferred from electronic annotation /// 0007568 // aging // inferred from electronic annotation /// 0008635 // activation of cysteine-type endopeptidase activity involved in apoptotic process by cytochrome c // traceable author statement /// 0009411 // response to UV // inferred from electronic annotation /// 0016485 // protein processing // inferred from electronic annotation /// 0043525 // positive regulation of neuron apoptotic process // inferred from electronic annotation /// 0097193 // intrinsic apoptotic signaling pathway // traceable author statement /// 0097194 // execution phase of apoptosis // not recorded","0005634 // nucleus // inferred from direct assay /// 0005654 // nucleoplasm // traceable author statement /// 0005737 // cytoplasm // traceable author statement /// 0005829 // cytosol // inferred from direct assay /// 0005829 // cytosol // traceable author statement /// 0043231 // intracellular membrane-bounded organelle // inferred from electronic annotation","0004190 // aspartic-type endopeptidase activity // inferred from electronic annotation /// 0004197 // cysteine-type endopeptidase activity // not recorded /// 0004197 // cysteine-type endopeptidase activity // traceable author statement /// 0005515 // protein binding // inferred from physical interaction /// 0008233 // peptidase activity // inferred from electronic annotation /// 0008234 // cysteine-type peptidase activity // traceable author statement /// 0016787 // hydrolase activity // inferred from electronic annotation /// 0097153 // cysteine-type endopeptidase activity involved in apoptotic process // inferred from electronic annotation",0.888733698571288,8.67769077193314,5.55993951236069,4.13246622510171e-06,0.0205402355324942,4.27043997163853
"226905_at","BG036514","","Homo sapiens","Oct 6, 2014","Consensus sequence","GenBank","gb:BG036514 /DB_XREF=gi:12431757 /DB_XREF=602326471F1 /CLONE=IMAGE:4428089 /FEA=EST /CNT=43 /TID=Hs.187932.0 /TIER=Stack /STK=22 /UG=Hs.187932 /UG_TITLE=ESTs","BG036514","family with sequence similarity 101, member B","FAM101B","359845","NM_182705","0001837 // epithelial to mesenchymal transition // inferred from electronic annotation /// 0030036 // actin cytoskeleton organization // inferred from electronic annotation","0015629 // actin cytoskeleton // inferred from electronic annotation","0031005 // filamin binding // inferred from direct assay",-0.855251715005695,10.8787070083674,-5.41866424891201,6.2115338422216e-06,0.025920461276264,3.90217259924362
"219420_s_at","NM_023077","","Homo sapiens","Oct 6, 2014","Exemplar sequence","GenBank","gb:NM_023077.1 /DB_XREF=gi:12751490 /GEN=FLJ12439 /FEA=FLmRNA /CNT=30 /TID=Hs.164371.0 /TIER=FL /STK=4 /UG=Hs.164371 /LL=65260 /DEF=Homo sapiens hypothetical protein FLJ12439 (FLJ12439), mRNA. /PROD=hypothetical protein FLJ12439 /FL=gb:NM_023077.1","NM_023077","cytochrome c oxidase assembly factor 7 (putative)","COA7","65260","NM_023077","","0005739 // mitochondrion // inferred from electronic annotation /// 0005758 // mitochondrial intermembrane space // inferred from electronic annotation","",0.915620219360207,6.84543366196691,5.32860081391877,8.05546237070681e-06,0.025920461276264,3.61376382475115
"212300_at","AL049795","","Homo sapiens","Oct 6, 2014","Consensus sequence","GenBank","gb:AL049795 /DB_XREF=gi:6010175 /FEA=mRNA /CNT=160 /TID=Hs.83004.0 /TIER=Stack /STK=87 /UG=Hs.83004 /LL=3599 /UG_GENE=IL14 /UG_TITLE=interleukin 14 /DEF=Human DNA sequence from clone RP4-622L5 on chromosome 1p34.2-36.11. Contains the gene for importin alpha 7 (karyopherin), up to six novel genes and the 5 end of the EIF3S2 gene for eukaryotic translation initiation factor 3 beta. Contains ESTs, S...","AL049795","taxilin alpha","TXLNA","200081","NM_175852 /// XM_005270594 /// XM_006710424","0006887 // exocytosis // inferred from electronic annotation /// 0008283 // cell proliferation // non-traceable author statement /// 0042113 // B cell activation // inferred from electronic annotation","0005576 // extracellular region // non-traceable author statement /// 0005737 // cytoplasm // inferred from direct assay /// 0016020 // membrane // inferred from direct assay","0005125 // cytokine activity // non-traceable author statement /// 0005515 // protein binding // inferred from physical interaction /// 0019905 // syntaxin binding // inferred from electronic annotation /// 0030372 // high molecular weight B cell growth factor receptor binding // non-traceable author statement",0.92264419071173,7.15100548559653,5.32104467168296,8.23309031729904e-06,0.025920461276264,3.60794075172117
"222631_at","AI862887","","Homo sapiens","Oct 6, 2014","Consensus sequence","GenBank","gb:AI862887 /DB_XREF=gi:5526994 /DB_XREF=tz91e02.x1 /CLONE=IMAGE:2295962 /FEA=FLmRNA /CNT=97 /TID=Hs.23920.0 /TIER=Stack /STK=30 /UG=Hs.23920 /LL=55300 /UG_GENE=FLJ11105 /UG_TITLE=hypothetical protein FLJ11105 /FL=gb:NM_018323.1","AI862887","phosphatidylinositol 4-kinase type 2 beta /// SEPSECS antisense RNA 1 (head to head)","PI4K2B /// SEPSECS-AS1","55300 /// 285540","NM_018323 /// NR_037934 /// XM_005248174 /// XM_005248175","0006644 // phospholipid metabolic process // traceable author statement /// 0006661 // phosphatidylinositol biosynthetic process // traceable author statement /// 0016310 // phosphorylation // inferred from electronic annotation /// 0044281 // small molecule metabolic process // traceable author statement /// 0046854 // phosphatidylinositol phosphorylation // inferred from electronic annotation","0005737 // cytoplasm // inferred from direct assay /// 0005829 // cytosol // traceable author statement /// 0016020 // membrane // inferred from electronic annotation","0000166 // nucleotide binding // inferred from electronic annotation /// 0004430 // 1-phosphatidylinositol 4-kinase activity // inferred from electronic annotation /// 0005524 // ATP binding // inferred from electronic annotation /// 0016301 // kinase activity // inferred from electronic annotation /// 0016740 // transferase activity // inferred from electronic annotation /// 0016773 // phosphotransferase activity, alcohol group as acceptor // inferred from electronic annotation",0.960439138012418,8.51367347746616,5.29380284959301,8.90663944136986e-06,0.025920461276264,3.55908393523866
"212063_at","BE903880","","Homo sapiens","Oct 6, 2014","Consensus sequence","GenBank","gb:BE903880 /DB_XREF=gi:10395551 /DB_XREF=601494678F1 /CLONE=IMAGE:3896970 /FEA=EST /CNT=245 /TID=Hs.323950.2 /TIER=Stack /STK=104 /UG=Hs.323950 /LL=7552 /UG_GENE=ZNF6 /UG_TITLE=zinc finger protein 6 (CMPX1)","BE903880","CD44 molecule (Indian blood group)","CD44","960","NM_000610 /// NM_001001389 /// NM_001001390 /// NM_001001391 /// NM_001001392 /// NM_001202555 /// NM_001202556 /// NM_001202557 /// XM_005253231 /// XM_005253232 /// XM_005253233 /// XM_005253234 /// XM_005253235 /// XM_005253238 /// XM_005253239 /// XM_005253240 /// XM_006718388 /// XM_006718389 /// XM_006718390","0001658 // branching involved in ureteric bud morphogenesis // inferred from electronic annotation /// 0002246 // wound healing involved in inflammatory response // inferred from electronic annotation /// 0005975 // carbohydrate metabolic process // traceable author statement /// 0007155 // cell adhesion // inferred from electronic annotation /// 0007160 // cell-matrix adhesion // non-traceable author statement /// 0007596 // blood coagulation // traceable author statement /// 0010628 // positive regulation of gene expression // inferred from electronic annotation /// 0016055 // Wnt signaling pathway // inferred from electronic annotation /// 0016337 // single organismal cell-cell adhesion // non-traceable author statement /// 0019221 // cytokine-mediated signaling pathway // traceable author statement /// 0022617 // extracellular matrix disassembly // traceable author statement /// 0030198 // extracellular matrix organization // traceable author statement /// 0030203 // glycosaminoglycan metabolic process // traceable author statement /// 0030212 // hyaluronan metabolic process // traceable author statement /// 0030214 // hyaluronan catabolic process // inferred from direct assay /// 0030214 // hyaluronan catabolic process // traceable author statement /// 0033138 // positive regulation of peptidyl-serine phosphorylation // inferred from direct assay /// 0034116 // positive regulation of heterotypic cell-cell adhesion // inferred from mutant phenotype /// 0043066 // negative regulation of apoptotic process // inferred from mutant phenotype /// 0043154 // negative regulation of cysteine-type endopeptidase activity involved in apoptotic process // inferred from mutant phenotype /// 0043518 // negative regulation of DNA damage response, signal transduction by p53 class mediator // inferred from direct assay /// 0044281 // small molecule metabolic process // traceable author statement /// 0044344 // cellular response to fibroblast growth factor stimulus // inferred from direct assay /// 0050731 // positive regulation of peptidyl-tyrosine phosphorylation // inferred from direct assay /// 0050900 // leukocyte migration // traceable author statement /// 0051216 // cartilage development // inferred from expression pattern /// 0060333 // interferon-gamma-mediated signaling pathway // traceable author statement /// 0060442 // branching involved in prostate gland morphogenesis // inferred from electronic annotation /// 0070374 // positive regulation of ERK1 and ERK2 cascade // inferred from direct assay /// 0070487 // monocyte aggregation // inferred from mutant phenotype /// 1900625 // positive regulation of monocyte aggregation // inferred from mutant phenotype /// 1902166 // negative regulation of intrinsic apoptotic signaling pathway in response to DNA damage by p53 class mediator // inferred from direct assay","0005737 // cytoplasm // inferred from direct assay /// 0005794 // Golgi apparatus // inferred from direct assay /// 0005886 // plasma membrane // inferred from direct assay /// 0005886 // plasma membrane // traceable author statement /// 0005887 // integral component of plasma membrane // non-traceable author statement /// 0009897 // external side of plasma membrane // inferred from electronic annotation /// 0009986 // cell surface // inferred from direct assay /// 0016020 // membrane // inferred from electronic annotation /// 0016021 // integral component of membrane // inferred from electronic annotation /// 0016323 // basolateral plasma membrane // inferred from electronic annotation /// 0070062 // extracellular vesicular exosome // inferred from direct assay","0004415 // hyalurononglucosaminidase activity // inferred from direct assay /// 0004888 // transmembrane signaling receptor activity // inferred from direct assay /// 0005515 // protein binding // inferred from physical interaction /// 0005518 // collagen binding // non-traceable author statement /// 0005540 // hyaluronic acid binding // inferred from direct assay /// 0005540 // hyaluronic acid binding // non-traceable author statement",-0.777324945155252,11.1527741894393,-5.28989926622025,9.00756770460022e-06,0.025920461276264,3.55164951771727
"232322_x_at","D60944","","Homo sapiens","Oct 6, 2014","Consensus sequence","GenBank","gb:D60944 /DB_XREF=gi:962583 /DB_XREF=HUM141D02B /CLONE=GEN-141D02 /FEA=mRNA /CNT=12 /TID=Hs.284134.0 /TIER=ConsEnd /STK=3 /UG=Hs.284134 /LL=10809 /UG_GENE=SDCCAG28 /UG_TITLE=serologically defined colon cancer antigen 28","D60944","StAR-related lipid transfer (START) domain containing 10","STARD10","10809","NM_006645","0006810 // transport // inferred from electronic annotation /// 0006869 // lipid transport // inferred from electronic annotation","0005737 // cytoplasm // inferred from electronic annotation /// 0016020 // membrane // inferred from electronic annotation /// 0042995 // cell projection // inferred from electronic annotation","0005515 // protein binding // inferred from physical interaction /// 0008289 // lipid binding // inferred from electronic annotation",-0.909346020582015,6.49728705288627,-5.29227521710392,8.9460014168429e-06,0.025920461276264,3.53353184476033
"206683_at","NM_003447","","Homo sapiens","Oct 6, 2014","Exemplar sequence","GenBank","gb:NM_003447.1 /DB_XREF=gi:4508000 /GEN=ZNF165 /FEA=FLmRNA /CNT=13 /TID=Hs.55481.0 /TIER=FL /STK=0 /UG=Hs.55481 /LL=7718 /DEF=Homo sapiens zinc finger protein 165 (ZNF165), mRNA. /PROD=zinc finger protein 165 /FL=gb:NM_003447.1 gb:U78722.1","NM_003447","zinc finger protein 165","ZNF165","7718","NM_003447 /// XM_005249371 /// XM_005249372 /// XM_005249373 /// XM_006715179","0006351 // transcription, DNA-templated // inferred from electronic annotation /// 0006355 // regulation of transcription, DNA-templated // inferred from electronic annotation","0005634 // nucleus // inferred from electronic annotation","0003676 // nucleic acid binding // inferred from electronic annotation /// 0003677 // DNA binding // inferred from electronic annotation /// 0003700 // sequence-specific DNA binding transcription factor activity // inferred from electronic annotation /// 0005515 // protein binding // inferred from physical interaction /// 0046872 // metal ion binding // inferred from electronic annotation",-2.08678531615524,2.89996172131876,-5.3520626034128,7.52799618975056e-06,0.025920461276264,2.91912980122097
"205591_at","NM_006334","","Homo sapiens","Oct 6, 2014","Exemplar sequence","GenBank","gb:NM_006334.1 /DB_XREF=gi:5453546 /GEN=AMY /FEA=FLmRNA /CNT=29 /TID=Hs.18551.0 /TIER=FL+Stack /STK=10 /UG=Hs.18551 /LL=10439 /DEF=Homo sapiens neuroblastoma (nerve tissue) protein (AMY), mRNA. /PROD=neuroblastoma (nerve tissue) protein /FL=gb:NM_006334.1 gb:D82343.1","NM_006334","olfactomedin 1","OLFM1","10439","NM_001282611 /// NM_001282612 /// NM_006334 /// NM_014279 /// NM_058199","0007275 // multicellular organismal development // inferred from electronic annotation /// 0007399 // nervous system development // traceable author statement /// 0051259 // protein oligomerization // inferred from electronic annotation","0005576 // extracellular region // inferred from electronic annotation /// 0005615 // extracellular space // inferred from electronic annotation /// 0030054 // cell junction // inferred from electronic annotation /// 0032281 // alpha-amino-3-hydroxy-5-methyl-4-isoxazolepropionic acid selective glutamate receptor complex // inferred from electronic annotation /// 0045202 // synapse // inferred from electronic annotation","0005515 // protein binding // inferred from physical interaction",-2.02048849958806,2.00034743144505,-5.40266030198102,6.50514559044329e-06,0.025920461276264,2.67780187188131
"224647_at","AI766065","","Homo sapiens","Oct 6, 2014","Consensus sequence","GenBank","gb:AI766065 /DB_XREF=gi:5232574 /DB_XREF=wh67e11.x1 /CLONE=IMAGE:2385836 /FEA=EST /CNT=321 /TID=Hs.6820.0 /TIER=Stack /STK=52 /UG=Hs.6820 /UG_TITLE=ESTs, Weakly similar to YOJ1_CAEEL HYPOTHETICAL 63.5 KD PROTEIN ZK353.1 IN CHROMOSOME III (C.elegans)","AI766065","cyclin Y","CCNY","219771","NM_001282852 /// NM_001282853 /// NM_001282854 /// NM_145012 /// NM_181698 /// XM_005252388 /// XM_006717392","0000079 // regulation of cyclin-dependent protein serine/threonine kinase activity // inferred from electronic annotation /// 0000086 // G2/M transition of mitotic cell cycle // inferred from direct assay /// 0007049 // cell cycle // inferred from electronic annotation /// 0016055 // Wnt signaling pathway // inferred from electronic annotation /// 0045737 // positive regulation of cyclin-dependent protein serine/threonine kinase activity // inferred from direct assay /// 0051301 // cell division // inferred from electronic annotation /// 0060828 // regulation of canonical Wnt signaling pathway // inferred from direct assay","0000308 // cytoplasmic cyclin-dependent protein kinase holoenzyme complex // inferred from direct assay /// 0005634 // nucleus // inferred from direct assay /// 0005886 // plasma membrane // inferred from direct assay /// 0016020 // membrane // inferred from electronic annotation /// 0070062 // extracellular vesicular exosome // inferred from direct assay","0005515 // protein binding // inferred from physical interaction /// 0016538 // cyclin-dependent protein serine/threonine kinase regulator activity // inferred from direct assay /// 0019901 // protein kinase binding // inferred from electronic annotation",-0.62472739854628,9.69867745732732,-5.26912875178482,9.56414473616299e-06,0.0261459806724856,3.49879944296673
"219155_at","NM_012417","","Homo sapiens","Oct 6, 2014","Exemplar sequence","GenBank","gb:NM_012417.1 /DB_XREF=gi:6912623 /GEN=RDGBB /FEA=FLmRNA /CNT=39 /TID=Hs.109219.0 /TIER=FL /STK=0 /UG=Hs.109219 /LL=26207 /DEF=Homo sapiens retinal degeneration B beta (RDGBB), mRNA. /PROD=retinal degeneration B beta /FL=gb:NM_012417.1 gb:AF171102.1","NM_012417","phosphatidylinositol transfer protein, cytoplasmic 1","PITPNC1","26207","NM_012417 /// NM_181671 /// XM_005257216","0006810 // transport // inferred from electronic annotation /// 0006869 // lipid transport // inferred from electronic annotation /// 0007165 // signal transduction // inferred from mutant phenotype /// 0015914 // phospholipid transport // inferred from mutant phenotype","0005622 // intracellular // inferred from electronic annotation /// 0005737 // cytoplasm // inferred from direct assay","0005515 // protein binding // inferred from physical interaction /// 0008289 // lipid binding // inferred from electronic annotation /// 0008526 // phosphatidylinositol transporter activity // inferred from mutant phenotype",-0.883968629059874,10.3946551870195,-5.18014058055902,1.23650793325737e-05,0.0321933672623079,3.25695500256247
"239775_at","AI761504","","Homo sapiens","Oct 6, 2014","Consensus sequence","GenBank","gb:AI761504 /DB_XREF=gi:5177171 /DB_XREF=wi61b09.x1 /CLONE=IMAGE:2394713 /FEA=EST /CNT=6 /TID=Hs.214174.0 /TIER=ConsEnd /STK=4 /UG=Hs.214174 /UG_TITLE=ESTs","AI761504","uncharacterized LOC101927609","LOC101927609","101927609","XR_242133 /// XR_250144 /// XR_252170 /// XR_426134 /// XR_428101 /// XR_432121","","","",-1.07014240726906,6.22892506352829,-5.16026621701204,1.30950356723237e-05,0.0325441397901954,3.17825473326798
"223945_x_at","AF274938","","Homo sapiens","Oct 6, 2014","Exemplar sequence","GenBank","gb:AF274938.1 /DB_XREF=gi:12751042 /FEA=FLmRNA /CNT=5 /TID=Hs.292057.0 /TIER=FL /STK=0 /UG=Hs.292057 /DEF=Homo sapiens PNAS-13 mRNA, complete cds. /PROD=PNAS-13 /FL=gb:AF274938.1","AF274938","retinitis pigmentosa 9 pseudogene","RP9P","441212","NM_001039754 /// NR_003500","","","",-0.774425984113591,7.98084877732463,-5.12730754181505,1.4401614198274e-05,0.0328965266854366,3.11549702013154
"219922_s_at","NM_021070","","Homo sapiens","Oct 6, 2014","Exemplar sequence","GenBank","gb:NM_021070.1 /DB_XREF=gi:10835104 /GEN=LTBP3 /FEA=FLmRNA /CNT=18 /TID=Hs.289019.0 /TIER=FL /STK=0 /UG=Hs.289019 /LL=4054 /DEF=Homo sapiens latent transforming growth factor beta binding protein 3 (LTBP3), mRNA. /PROD=latent transforming growth factor beta bindingprotein 3 /FL=gb:AF135960.2 gb:NM_021070.1","NM_021070","latent transforming growth factor beta binding protein 3","LTBP3","4054","NM_001130144 /// NM_001164266 /// NM_021070","0001501 // skeletal system development // inferred from electronic annotation /// 0007179 // transforming growth factor beta receptor signaling pathway // inferred from electronic annotation /// 0030198 // extracellular matrix organization // traceable author statement /// 0030502 // negative regulation of bone mineralization // inferred from electronic annotation /// 0032331 // negative regulation of chondrocyte differentiation // inferred from electronic annotation /// 0036363 // transforming growth factor beta activation // inferred from mutant phenotype /// 0045780 // positive regulation of bone resorption // inferred from electronic annotation /// 0046849 // bone remodeling // inferred from electronic annotation /// 0060349 // bone morphogenesis // inferred from electronic annotation /// 0060430 // lung saccule development // inferred from electronic annotation /// 1902462 // positive regulation of mesenchymal stem cell proliferation // inferred from mutant phenotype /// 2000741 // positive regulation of mesenchymal stem cell differentiation // inferred from mutant phenotype","0005576 // extracellular region // traceable author statement /// 0031012 // extracellular matrix // inferred from direct assay /// 0070062 // extracellular vesicular exosome // inferred from direct assay","0005509 // calcium ion binding // inferred from electronic annotation /// 0005515 // protein binding // inferred from electronic annotation /// 0019838 // growth factor binding // inferred from electronic annotation /// 0050431 // transforming growth factor beta binding // inferred from physical interaction",-1.0729044014738,6.82352656344279,-5.12114662300663,1.46599136801139e-05,0.0328965266854366,3.09072036000608
"210886_x_at","AB007457","","Homo sapiens","Oct 6, 2014","Exemplar sequence","GenBank","gb:AB007457.1 /DB_XREF=gi:5006270 /GEN=P53TG1 /FEA=FLmRNA /CNT=2 /TID=Hs.274329.2 /TIER=FL /STK=0 /UG=Hs.274329 /LL=11257 /DEF=Homo sapiens mRNA for P53TG1-C, complete cds. /PROD=P53TG1-C /FL=gb:AB007457.1","AB007457","TP53 target 1 (non-protein coding)","TP53TG1","11257","NM_007233 /// NR_015381","0006950 // response to stress // traceable author statement /// 0006974 // cellular response to DNA damage stimulus // non-traceable author statement","","",-0.766301784942492,6.8619013375723,-5.0855556345362,1.62451983631785e-05,0.0328965266854366,2.99632064387996
"209254_at","AI808625","","Homo sapiens","Oct 6, 2014","Consensus sequence","GenBank","gb:AI808625 /DB_XREF=gi:5395191 /DB_XREF=wf56f12.x1 /CLONE=IMAGE:2359631 /FEA=FLmRNA /CNT=171 /TID=Hs.192966.0 /TIER=Stack /STK=8 /UG=Hs.192966 /LL=23008 /UG_GENE=KIAA0265 /UG_TITLE=KIAA0265 protein /FL=gb:AF277177.1","AI808625","kelch domain containing 10","KLHDC10","23008","NM_014997 /// XM_005250233","","0005634 // nucleus // inferred from electronic annotation /// 0005737 // cytoplasm // inferred from electronic annotation","0005515 // protein binding // inferred from electronic annotation",1.13821907571021,6.22998823686793,5.09431277819155,1.58399461261568e-05,0.0328965266854366,2.94557117049659
"231652_at","AI418368","","Homo sapiens","Oct 6, 2014","Consensus sequence","GenBank","gb:AI418368 /DB_XREF=gi:4264299 /DB_XREF=tg48c09.x1 /CLONE=IMAGE:2112016 /FEA=EST /CNT=14 /TID=Hs.98945.0 /TIER=Stack /STK=12 /UG=Hs.98945 /UG_TITLE=ESTs","AI418368","","RP6-91H8.2","","","","","",-1.96820066890723,3.31797106381743,-5.10122521818691,1.55271971340452e-05,0.0328965266854366,2.48509636386625
"214059_at","BE049439","","Homo sapiens","Oct 6, 2014","Consensus sequence","GenBank","gb:BE049439 /DB_XREF=gi:8366494 /DB_XREF=xw86e11.x1 /CLONE=IMAGE:2834924 /FEA=EST /CNT=14 /TID=Hs.82316.0 /TIER=Stack /STK=9 /UG=Hs.82316 /LL=10561 /UG_GENE=MTAP44 /UG_TITLE=interferon-induced, hepatitis C-associated microtubular aggregate protein (44kD)","BE049439","interferon-induced protein 44","IFI44","10561","NM_006417 /// XM_005270380 /// XR_246226 /// XR_426586","0009615 // response to virus // traceable author statement","0005737 // cytoplasm // inferred from electronic annotation","",2.10070216978246,8.60676231269779,5.0018369708629,2.06811322700205e-05,0.0392349920845241,2.77893917581842
"1554747_a_at","BC033559","","Homo sapiens","Oct 6, 2014","Consensus sequence","GenBank","gb:BC033559.1 /DB_XREF=gi:23274162 /TID=Hs2.155595.3 /CNT=4 /FEA=FLmRNA /TIER=FL /STK=1 /LL=4735 /UG_GENE=NEDD5 /UG=Hs.155595 /DEF=Homo sapiens, Similar to neural precursor cell expressed, developmentally down-regulated 5, clone MGC:42401 IMAGE:4821654, mRNA, complete cds. /PROD=Similar to neural precursor cell expressed,developmentally down-regulated 5 /FL=gb:BC033559.1","BC033559","septin 2","SEPT2","4735","NM_001008491 /// NM_001008492 /// NM_001282972 /// NM_001282973 /// NM_004404 /// NM_006155 /// XM_005247011 /// XM_005247012 /// XM_005247013 /// XM_006712546 /// XM_006712547 /// XM_006712548 /// XM_006712549 /// XM_006712550","0002036 // regulation of L-glutamate transport // inferred from electronic annotation /// 0007049 // cell cycle // inferred from electronic annotation /// 0007067 // mitotic nuclear division // inferred from electronic annotation /// 0007224 // smoothened signaling pathway // inferred from sequence or structural similarity /// 0031175 // neuron projection development // inferred from electronic annotation /// 0032880 // regulation of protein localization // inferred from electronic annotation /// 0042384 // cilium assembly // inferred from sequence or structural similarity /// 0050790 // regulation of catalytic activity // inferred from electronic annotation /// 0051301 // cell division // inferred from electronic annotation","0000145 // exocyst // inferred from electronic annotation /// 0000775 // chromosome, centromeric region // inferred from electronic annotation /// 0000776 // kinetochore // inferred from electronic annotation /// 0000777 // condensed chromosome kinetochore // inferred from electronic annotation /// 0005634 // nucleus // inferred from direct assay /// 0005694 // chromosome // inferred from electronic annotation /// 0005730 // nucleolus // inferred from direct assay /// 0005737 // cytoplasm // inferred from direct assay /// 0005819 // spindle // inferred from electronic annotation /// 0005856 // cytoskeleton // inferred from electronic annotation /// 0005886 // plasma membrane // inferred from electronic annotation /// 0005938 // cell cortex // inferred from sequence or structural similarity /// 0009986 // cell surface // inferred from electronic annotation /// 0015629 // actin cytoskeleton // inferred from direct assay /// 0016020 // membrane // inferred from electronic annotation /// 0030496 // midbody // inferred from electronic annotation /// 0031105 // septin complex // inferred from electronic annotation /// 0032154 // cleavage furrow // inferred from electronic annotation /// 0042995 // cell projection // inferred from electronic annotation /// 0045202 // synapse // inferred from electronic annotation /// 0048471 // perinuclear region of cytoplasm // inferred from electronic annotation /// 0060170 // ciliary membrane // inferred from sequence or structural similarity /// 0070062 // extracellular vesicular exosome // inferred from direct assay","0000166 // nucleotide binding // inferred from electronic annotation /// 0005515 // protein binding // inferred from physical interaction /// 0005525 // GTP binding // inferred from electronic annotation /// 0030234 // enzyme regulator activity // inferred from electronic annotation /// 0032947 // protein complex scaffold // inferred from electronic annotation",0.909480196799389,6.83139744446678,4.9907034439972,2.13556147606873e-05,0.0392349920845241,2.73086750745128
"203562_at","NM_005103","","Homo sapiens","Oct 6, 2014","Exemplar sequence","GenBank","gb:NM_005103.2 /DB_XREF=gi:12025681 /GEN=FEZ1 /FEA=FLmRNA /CNT=101 /TID=Hs.79226.1 /TIER=FL+Stack /STK=49 /UG=Hs.79226 /LL=9638 /DEF=Homo sapiens fasciculation and elongation protein zeta 1 (zygin I) (FEZ1), transcript variant 1, mRNA. /PROD=zygin 1, isoform 1 /FL=gb:U60060.1 gb:U69139.1 gb:NM_005103.2","NM_005103","fasciculation and elongation protein zeta 1 (zygin I)","FEZ1","9638","NM_005103 /// NM_022549 /// XM_005271734 /// XM_005271735","0006810 // transport // inferred from electronic annotation /// 0007155 // cell adhesion // traceable author statement /// 0007399 // nervous system development // traceable author statement /// 0007411 // axon guidance // traceable author statement /// 0010976 // positive regulation of neuron projection development // inferred from electronic annotation /// 0045666 // positive regulation of neuron differentiation // inferred from electronic annotation /// 0051654 // establishment of mitochondrion localization // inferred from electronic annotation /// 0071363 // cellular response to growth factor stimulus // inferred from electronic annotation","0005737 // cytoplasm // inferred from direct assay /// 0005813 // centrosome // inferred from electronic annotation /// 0005815 // microtubule organizing center // inferred from electronic annotation /// 0005856 // cytoskeleton // inferred from electronic annotation /// 0005874 // microtubule // inferred from electronic annotation /// 0005886 // plasma membrane // inferred from electronic annotation /// 0015630 // microtubule cytoskeleton // inferred from direct assay /// 0016020 // membrane // inferred from electronic annotation /// 0030424 // axon // inferred from electronic annotation /// 0030425 // dendrite // inferred from electronic annotation /// 0042995 // cell projection // inferred from electronic annotation","0005080 // protein kinase C binding // inferred from electronic annotation /// 0005515 // protein binding // inferred from physical interaction /// 0043015 // gamma-tubulin binding // inferred from electronic annotation /// 0047485 // protein N-terminus binding // inferred from electronic annotation",-1.17252312007306,6.28735158459362,-4.98181728992224,2.19096423282418e-05,0.0392349920845241,2.71323588030411
"206115_at","NM_004430","","Homo sapiens","Oct 6, 2014","Exemplar sequence","GenBank","gb:NM_004430.1 /DB_XREF=gi:4758251 /GEN=EGR3 /FEA=FLmRNA /CNT=33 /TID=Hs.74088.0 /TIER=FL+Stack /STK=20 /UG=Hs.74088 /LL=1960 /DEF=Homo sapiens early growth response 3 (EGR3), mRNA. /PROD=early growth response 3 /FL=gb:NM_004430.1","NM_004430","early growth response 3","EGR3","1960","NM_001199880 /// NM_001199881 /// NM_004430 /// XM_005273425 /// XM_005273426","0001938 // positive regulation of endothelial cell proliferation // inferred from mutant phenotype /// 0002042 // cell migration involved in sprouting angiogenesis // inferred from direct assay /// 0006351 // transcription, DNA-templated // inferred from electronic annotation /// 0006355 // regulation of transcription, DNA-templated // inferred from electronic annotation /// 0007274 // neuromuscular synaptic transmission // inferred from electronic annotation /// 0007422 // peripheral nervous system development // inferred from electronic annotation /// 0007517 // muscle organ development // traceable author statement /// 0007623 // circadian rhythm // traceable author statement /// 0035767 // endothelial cell chemotaxis // inferred from mutant phenotype /// 0035924 // cellular response to vascular endothelial growth factor stimulus // inferred from mutant phenotype /// 0043066 // negative regulation of apoptotic process // inferred from mutant phenotype /// 0044344 // cellular response to fibroblast growth factor stimulus // inferred from mutant phenotype /// 0071320 // cellular response to cAMP // not recorded /// 0071371 // cellular response to gonadotropin stimulus // not recorded","0005634 // nucleus // not recorded /// 0005737 // cytoplasm // not recorded","0003676 // nucleic acid binding // inferred from electronic annotation /// 0003677 // DNA binding // inferred from electronic annotation /// 0003700 // sequence-specific DNA binding transcription factor activity // traceable author statement /// 0046872 // metal ion binding // inferred from electronic annotation",-2.26603536941447,7.40921482849002,-4.97321394071567,2.24596771424811e-05,0.0392349920845241,2.70398371729776
"207840_at","NM_007053","","Homo sapiens","Oct 6, 2014","Exemplar sequence","GenBank","gb:NM_007053.1 /DB_XREF=gi:5901909 /GEN=BY55 /FEA=FLmRNA /CNT=4 /TID=Hs.81743.0 /TIER=FL /STK=2 /UG=Hs.81743 /LL=11126 /DEF=Homo sapiens natural killer cell receptor, immunoglobulin superfamily member (BY55), mRNA. /PROD=natural killer cell receptor, immunoglobulinsuperfamily member /FL=gb:NM_007053.1 gb:AF060981.1","NM_007053","CD160 molecule","CD160","11126","NM_007053 /// NR_103845 /// XM_005272929 /// XM_005272930","0006968 // cellular defense response // traceable author statement /// 0007166 // cell surface receptor signaling pathway // traceable author statement /// 0008283 // cell proliferation // traceable author statement /// 0050776 // regulation of immune response // traceable author statement /// 0050829 // defense response to Gram-negative bacterium // inferred from electronic annotation","0005886 // plasma membrane // traceable author statement /// 0016020 // membrane // inferred from electronic annotation /// 0016021 // integral component of membrane // inferred from electronic annotation /// 0031225 // anchored component of membrane // inferred from electronic annotation /// 0046658 // anchored component of plasma membrane // inferred from direct assay","0004872 // receptor activity // traceable author statement /// 0005102 // receptor binding // inferred from direct assay /// 0032393 // MHC class I receptor activity // inferred from direct assay",-1.40599080384844,9.03664555575313,-4.96551830720119,2.29633241281165e-05,0.0392349920845241,2.68233152548823
"211962_s_at","BG250310","","Homo sapiens","Oct 6, 2014","Consensus sequence","GenBank","gb:BG250310 /DB_XREF=gi:12760126 /DB_XREF=602362443F1 /CLONE=IMAGE:4470898 /FEA=mRNA /CNT=387 /TID=Hs.85155.0 /TIER=Stack /STK=10 /UG=Hs.85155 /LL=677 /UG_GENE=BRF1 /UG_TITLE=butyrate response factor 1 (EGF-response factor 1)","BG250310","ZFP36 ring finger protein-like 1","ZFP36L1","677","NM_001244698 /// NM_001244701 /// NM_004926","0000288 // nuclear-transcribed mRNA catabolic process, deadenylation-dependent decay // inferred from electronic annotation /// 0001570 // vasculogenesis // inferred from electronic annotation /// 0006355 // regulation of transcription, DNA-templated // non-traceable author statement /// 0006417 // regulation of translation // inferred from electronic annotation /// 0010467 // gene expression // traceable author statement /// 0016070 // RNA metabolic process // traceable author statement /// 0016071 // mRNA metabolic process // traceable author statement /// 0033077 // T cell differentiation in thymus // inferred from electronic annotation /// 0043488 // regulation of mRNA stability // inferred from direct assay","0005634 // nucleus // inferred from electronic annotation /// 0005737 // cytoplasm // inferred from electronic annotation /// 0005829 // cytosol // traceable author statement","0003677 // DNA binding // inferred from electronic annotation /// 0003700 // sequence-specific DNA binding transcription factor activity // non-traceable author statement /// 0003729 // mRNA binding // inferred from direct assay /// 0005515 // protein binding // inferred from physical interaction /// 0044822 // poly(A) RNA binding // inferred from direct assay /// 0046872 // metal ion binding // inferred from electronic annotation",-1.03336426795419,10.4856044840675,-4.93142218379893,2.53335799101027e-05,0.0395746709024247,2.58325943465043
"204470_at","NM_001511","","Homo sapiens","Oct 6, 2014","Exemplar sequence","GenBank","gb:NM_001511.1 /DB_XREF=gi:4504152 /GEN=GRO1 /FEA=FLmRNA /CNT=58 /TID=Hs.789.0 /TIER=FL+Stack /STK=30 /UG=Hs.789 /LL=2919 /DEF=Homo sapiens GRO1 oncogene (melanoma growth stimulating activity, alpha) (GRO1), mRNA. /PROD=GRO1 oncogene (melanoma growth stimulatingactivity, alpha) /FL=gb:NM_001511.1","NM_001511","chemokine (C-X-C motif) ligand 1 (melanoma growth stimulating activity, alpha)","CXCL1","2919","NM_001511 /// NR_046035","0006935 // chemotaxis // traceable author statement /// 0006954 // inflammatory response // inferred from electronic annotation /// 0006955 // immune response // inferred from electronic annotation /// 0007165 // signal transduction // traceable author statement /// 0007186 // G-protein coupled receptor signaling pathway // traceable author statement /// 0007399 // nervous system development // traceable author statement /// 0008283 // cell proliferation // traceable author statement /// 0008285 // negative regulation of cell proliferation // traceable author statement /// 0030036 // actin cytoskeleton organization // traceable author statement /// 0035556 // intracellular signal transduction // traceable author statement /// 0043085 // positive regulation of catalytic activity // traceable author statement /// 0060326 // cell chemotaxis // inferred from electronic annotation /// 0060326 // cell chemotaxis // traceable author statement","0005576 // extracellular region // traceable author statement /// 0005615 // extracellular space // inferred from electronic annotation","0005102 // receptor binding // traceable author statement /// 0005125 // cytokine activity // inferred from electronic annotation /// 0008009 // chemokine activity // inferred from electronic annotation /// 0008047 // enzyme activator activity // traceable author statement /// 0008083 // growth factor activity // inferred from electronic annotation",-1.87134823872638,5.25315518978175,-4.95153367776211,2.39075289181182e-05,0.0395746709024247,2.57300769332364
"207406_at","NM_000780","","Homo sapiens","Oct 6, 2014","Exemplar sequence","GenBank","gb:NM_000780.2 /DB_XREF=gi:13787185 /GEN=CYP7A1 /FEA=FLmRNA /CNT=10 /TID=Hs.1644.0 /TIER=FL /STK=0 /UG=Hs.1644 /LL=1581 /DEF=Homo sapiens cytochrome P450, subfamily VIIA (cholesterol 7 alpha-monooxygenase), polypeptide 1 (CYP7A1), nuclear gene encoding mitochondrial protein, mRNA. /PROD=cytochrome P450, subfamily VIIA, polypeptide 1 /FL=gb:NM_000780.2 gb:M93133.1","NM_000780","cytochrome P450, family 7, subfamily A, polypeptide 1","CYP7A1","1581","NM_000780","0006629 // lipid metabolic process // inferred from electronic annotation /// 0006699 // bile acid biosynthetic process // inferred from direct assay /// 0006699 // bile acid biosynthetic process // inferred from electronic annotation /// 0006699 // bile acid biosynthetic process // inferred from sequence or structural similarity /// 0006699 // bile acid biosynthetic process // traceable author statement /// 0006707 // cholesterol catabolic process // inferred from sequence or structural similarity /// 0006805 // xenobiotic metabolic process // traceable author statement /// 0008202 // steroid metabolic process // inferred from electronic annotation /// 0008203 // cholesterol metabolic process // inferred from electronic annotation /// 0008206 // bile acid metabolic process // traceable author statement /// 0016125 // sterol metabolic process // traceable author statement /// 0042632 // cholesterol homeostasis // inferred from sequence or structural similarity /// 0044255 // cellular lipid metabolic process // traceable author statement /// 0044281 // small molecule metabolic process // traceable author statement /// 0055114 // oxidation-reduction process // inferred from electronic annotation /// 0070857 // regulation of bile acid biosynthetic process // inferred from direct assay /// 0070857 // regulation of bile acid biosynthetic process // inferred from sequence or structural similarity /// 0071333 // cellular response to glucose stimulus // inferred from direct assay /// 0071397 // cellular response to cholesterol // inferred from sequence or structural similarity","0005783 // endoplasmic reticulum // inferred from electronic annotation /// 0005789 // endoplasmic reticulum membrane // traceable author statement /// 0016020 // membrane // inferred from electronic annotation /// 0031090 // organelle membrane // inferred from electronic annotation /// 0043231 // intracellular membrane-bounded organelle // inferred from sequence or structural similarity","0004497 // monooxygenase activity // inferred from electronic annotation /// 0005506 // iron ion binding // inferred from electronic annotation /// 0008123 // cholesterol 7-alpha-monooxygenase activity // inferred from sequence or structural similarity /// 0009055 // electron carrier activity // inferred from electronic annotation /// 0016491 // oxidoreductase activity // inferred from electronic annotation /// 0016705 // oxidoreductase activity, acting on paired donors, with incorporation or reduction of molecular oxygen // inferred from electronic annotation /// 0020037 // heme binding // inferred from electronic annotation /// 0046872 // metal ion binding // inferred from electronic annotation",-2.55278972124953,0.373154344444311,-4.93164677190698,2.53171964835788e-05,0.0395746709024247,1.55965837610686
"208974_x_at","BC003572","","Homo sapiens","Oct 6, 2014","Exemplar sequence","GenBank","gb:BC003572.1 /DB_XREF=gi:13097743 /FEA=FLmRNA /CNT=196 /TID=Hs.180446.0 /TIER=FL+Stack /STK=30 /UG=Hs.180446 /LL=3837 /UG_GENE=KPNB1 /DEF=Homo sapiens, karyopherin (importin) beta 1, clone MGC:2156, mRNA, complete cds. /PROD=karyopherin (importin) beta 1 /FL=gb:NM_002265.1 gb:L38951.1 gb:BC003572.1","BC003572","karyopherin (importin) beta 1","KPNB1","3837","NM_001276453 /// NM_002265","0000060 // protein import into nucleus, translocation // traceable author statement /// 0006309 // apoptotic DNA fragmentation // traceable author statement /// 0006606 // protein import into nucleus // inferred from direct assay /// 0006607 // NLS-bearing protein import into nucleus // traceable author statement /// 0006610 // ribosomal protein import into nucleus // inferred from direct assay /// 0006810 // transport // inferred from electronic annotation /// 0006886 // intracellular protein transport // inferred from electronic annotation /// 0006913 // nucleocytoplasmic transport // inferred from electronic annotation /// 0006915 // apoptotic process // traceable author statement /// 0006921 // cellular component disassembly involved in execution phase of apoptosis // traceable author statement /// 0015031 // protein transport // inferred from electronic annotation /// 0016032 // viral process // traceable author statement /// 0019048 // modulation by virus of host morphology or physiology // inferred from electronic annotation /// 0019058 // viral life cycle // traceable author statement /// 0019221 // cytokine-mediated signaling pathway // traceable author statement /// 0044281 // small molecule metabolic process // traceable author statement /// 0075733 // intracellular transport of virus // traceable author statement","0005634 // nucleus // inferred from direct assay /// 0005635 // nuclear envelope // inferred from direct assay /// 0005643 // nuclear pore // traceable author statement /// 0005654 // nucleoplasm // traceable author statement /// 0005730 // nucleolus // inferred from direct assay /// 0005737 // cytoplasm // inferred from direct assay /// 0005829 // cytosol // traceable author statement /// 0016020 // membrane // inferred from direct assay /// 0031965 // nuclear membrane // inferred from direct assay /// 0043234 // protein complex // inferred from electronic annotation /// 0070062 // extracellular vesicular exosome // inferred from direct assay /// 0071782 // endoplasmic reticulum tubular network // inferred from direct assay","0005488 // binding // inferred from electronic annotation /// 0005515 // protein binding // inferred from physical interaction /// 0008139 // nuclear localization sequence binding // traceable author statement /// 0008270 // zinc ion binding // traceable author statement /// 0008536 // Ran GTPase binding // inferred from electronic annotation /// 0008565 // protein transporter activity // inferred from electronic annotation /// 0019899 // enzyme binding // inferred from physical interaction /// 0019904 // protein domain specific binding // inferred from physical interaction /// 0044822 // poly(A) RNA binding // inferred from direct assay",0.751436910131625,10.6277774008524,4.89878699242289,2.78300216163159e-05,0.0411129624000724,2.49912008438715
"219283_at","NM_014158","","Homo sapiens","Oct 6, 2014","Exemplar sequence","GenBank","gb:NM_014158.1 /DB_XREF=gi:7661771 /GEN=HSPC067 /FEA=FLmRNA /CNT=47 /TID=Hs.279938.0 /TIER=FL+Stack /STK=17 /UG=Hs.279938 /LL=29071 /DEF=Homo sapiens HSPC067 protein (HSPC067), mRNA. /PROD=HSPC067 protein /FL=gb:NM_014158.1 gb:AF161552.1","NM_014158","C1GALT1-specific chaperone 1","C1GALT1C1","29071","NM_001011551 /// NM_152692","0006493 // protein O-linked glycosylation // inferred from mutant phenotype /// 0016266 // O-glycan processing // traceable author statement /// 0043687 // post-translational protein modification // traceable author statement /// 0044267 // cellular protein metabolic process // traceable author statement","0000139 // Golgi membrane // traceable author statement /// 0016020 // membrane // inferred from electronic annotation /// 0016021 // integral component of membrane // inferred from electronic annotation /// 0070062 // extracellular vesicular exosome // inferred from direct assay","0004653 // polypeptide N-acetylgalactosaminyltransferase activity // traceable author statement /// 0005515 // protein binding // inferred from physical interaction",1.31934221207601,8.45024150660264,4.88659306578143,2.88243790463095e-05,0.0411129624000724,2.47361590291931
"1556385_at","BQ028191","","Homo sapiens","Oct 6, 2014","Consensus sequence","GenBank","gb:BQ028191 /DB_XREF=gi:19763470 /DB_XREF=UI-H-CO0-arj-c-09-0-UI.s1 /CLONE=IMAGE:3106552 /TID=Hs2.352748.1 /CNT=6 /FEA=mRNA /TIER=ConsEnd /STK=3 /UG=Hs.352748 /UG_TITLE=Homo sapiens cDNA FLJ39926 fis, clone SPLEN2021157.","BQ028191","","","","","","","",-1.16942832521727,6.70268955208495,-4.85533470849712,3.15377685022673e-05,0.0411129624000724,2.3877984406773
"235696_at","AI862542","","Homo sapiens","Oct 6, 2014","Consensus sequence","GenBank","gb:AI862542 /DB_XREF=gi:5526649 /DB_XREF=wj15c09.x1 /CLONE=IMAGE:2402896 /FEA=EST /CNT=11 /TID=Hs.18514.0 /TIER=ConsEnd /STK=4 /UG=Hs.18514 /UG_TITLE=ESTs","AI862542","Homo sapiens cDNA clone IMAGE:4837650. ///","BC034319 /// RP11-11N9.4","","","","","",-1.06578753786896,5.5984202720572,-4.86677440846416,3.05164596111082e-05,0.0411129624000724,2.38266434092922
"230052_s_at","AA004799","","Homo sapiens","Oct 6, 2014","Consensus sequence","GenBank","gb:AA004799 /DB_XREF=gi:1448296 /DB_XREF=zh96b05.s1 /CLONE=IMAGE:429105 /FEA=EST /CNT=11 /TID=Hs.60088.0 /TIER=Stack /STK=10 /UG=Hs.60088 /UG_TITLE=ESTs","AA004799","nuclear factor of kappa light polypeptide gene enhancer in B-cells inhibitor, delta","NFKBID","84807","NM_139239 /// XM_005259340 /// XM_006723444","0006954 // inflammatory response // inferred from electronic annotation /// 0032088 // negative regulation of NF-kappaB transcription factor activity // inferred from electronic annotation /// 0033085 // negative regulation of T cell differentiation in thymus // inferred from electronic annotation /// 0043124 // negative regulation of I-kappaB kinase/NF-kappaB signaling // inferred from electronic annotation /// 0070245 // positive regulation of thymocyte apoptotic process // inferred from electronic annotation","0005634 // nucleus // inferred from electronic annotation","0005515 // protein binding // inferred from electronic annotation /// 0051059 // NF-kappaB binding // inferred from electronic annotation",-1.11670533574399,6.57969188349051,-4.849603428801,3.20621551389003e-05,0.0411129624000724,2.37141564872882
"222692_s_at","BF444916","","Homo sapiens","Oct 6, 2014","Consensus sequence","GenBank","gb:BF444916 /DB_XREF=gi:11510054 /DB_XREF=nad19a09.x1 /CLONE=IMAGE:3365681 /FEA=FLmRNA /CNT=82 /TID=Hs.299883.0 /TIER=Stack /STK=13 /UG=Hs.299883 /LL=64778 /UG_GENE=FLJ23399 /UG_TITLE=hypothetical protein FLJ23399 /FL=gb:NM_022763.1","BF444916","fibronectin type III domain containing 3B /// uncharacterized LOC101928615","FNDC3B /// LOC101928615","64778 /// 101928615","NM_001135095 /// NM_022763 /// XR_241616 /// XR_249499 /// XR_251497","0045600 // positive regulation of fat cell differentiation // inferred from electronic annotation","0005783 // endoplasmic reticulum // inferred from direct assay /// 0016020 // membrane // inferred from electronic annotation /// 0016021 // integral component of membrane // inferred from electronic annotation","0005515 // protein binding // inferred from electronic annotation /// 0044822 // poly(A) RNA binding // inferred from direct assay",1.67291461806964,6.32838546993934,4.86160442356062,3.09738837910297e-05,0.0411129624000724,2.32828609406267
"243837_x_at","AA639707","","Homo sapiens","Oct 6, 2014","Consensus sequence","GenBank","gb:AA639707 /DB_XREF=gi:2563486 /DB_XREF=np60h05.s1 /CLONE=IMAGE:1130745 /FEA=EST /CNT=3 /TID=Hs.88253.1 /TIER=ConsEnd /STK=3 /UG=Hs.88253 /UG_TITLE=ESTs","AA639707","","AC018816.3","","","","","",-1.45275305871812,4.52898836833137,-4.85347128858413,3.17073204409306e-05,0.0411129624000724,2.20415784046776
"210850_s_at","AF000672","","Homo sapiens","Oct 6, 2014","Exemplar sequence","GenBank","gb:AF000672.1 /DB_XREF=gi:4100455 /FEA=FLmRNA /CNT=2 /TID=Hs.181128.1 /TIER=FL /STK=0 /UG=Hs.181128 /LL=2002 /UG_GENE=ELK1 /DEF=Homo sapiens ELK variant mRNA, complete cds. /PROD=ELK variant /FL=gb:AF000672.1","AF000672","ELK1, member of ETS oncogene family","ELK1","2002","NM_001114123 /// NM_001257168 /// NM_005229","0002224 // toll-like receptor signaling pathway // traceable author statement /// 0002755 // MyD88-dependent toll-like receptor signaling pathway // traceable author statement /// 0002756 // MyD88-independent toll-like receptor signaling pathway // traceable author statement /// 0006351 // transcription, DNA-templated // inferred from electronic annotation /// 0006355 // regulation of transcription, DNA-templated // inferred from electronic annotation /// 0006366 // transcription from RNA polymerase II promoter // not recorded /// 0030154 // cell differentiation // not recorded /// 0034134 // toll-like receptor 2 signaling pathway // traceable author statement /// 0034138 // toll-like receptor 3 signaling pathway // traceable author statement /// 0034142 // toll-like receptor 4 signaling pathway // traceable author statement /// 0034146 // toll-like receptor 5 signaling pathway // traceable author statement /// 0034162 // toll-like receptor 9 signaling pathway // traceable author statement /// 0034166 // toll-like receptor 10 signaling pathway // traceable author statement /// 0035666 // TRIF-dependent toll-like receptor signaling pathway // traceable author statement /// 0038123 // toll-like receptor TLR1:TLR2 signaling pathway // traceable author statement /// 0038124 // toll-like receptor TLR6:TLR2 signaling pathway // traceable author statement /// 0045087 // innate immune response // traceable author statement /// 0045893 // positive regulation of transcription, DNA-templated // inferred from direct assay /// 0045944 // positive regulation of transcription from RNA polymerase II promoter // inferred from direct assay /// 0045944 // positive regulation of transcription from RNA polymerase II promoter // inferred from mutant phenotype /// 0048011 // neurotrophin TRK receptor signaling pathway // traceable author statement /// 0051403 // stress-activated MAPK cascade // traceable author statement","0005634 // nucleus // inferred by curator /// 0005634 // nucleus // inferred from direct assay /// 0005730 // nucleolus // inferred from direct assay","0000978 // RNA polymerase II core promoter proximal region sequence-specific DNA binding // inferred from direct assay /// 0000981 // sequence-specific DNA binding RNA polymerase II transcription factor activity // not recorded /// 0001077 // RNA polymerase II core promoter proximal region sequence-specific DNA binding transcription factor activity involved in positive regulation of transcription // inferred from direct assay /// 0003677 // DNA binding // inferred from electronic annotation /// 0003700 // sequence-specific DNA binding transcription factor activity // inferred from direct assay /// 0005515 // protein binding // inferred from physical interaction /// 0043565 // sequence-specific DNA binding // inferred from electronic annotation",-1.95654393539533,2.21387727338433,-4.84666968990501,3.23339256187126e-05,0.0411129624000724,1.58318063949737
"213537_at","AI128225","","Homo sapiens","Oct 6, 2014","Consensus sequence","GenBank","gb:AI128225 /DB_XREF=gi:3596739 /DB_XREF=qc33e05.x1 /CLONE=IMAGE:1711424 /FEA=EST /CNT=30 /TID=Hs.914.1 /TIER=Stack /STK=16 /UG=Hs.914 /UG_TITLE=Human mRNA for SB classII histocompatibility antigen alpha-chain","AI128225","major histocompatibility complex, class II, DP alpha 1","HLA-DPA1","3113","NM_001242524 /// NM_001242525 /// NM_033554","0002376 // immune system process // inferred from electronic annotation /// 0002504 // antigen processing and presentation of peptide or polysaccharide antigen via MHC class II // inferred from electronic annotation /// 0006955 // immune response // non-traceable author statement /// 0019221 // cytokine-mediated signaling pathway // traceable author statement /// 0019882 // antigen processing and presentation // inferred from electronic annotation /// 0019886 // antigen processing and presentation of exogenous peptide antigen via MHC class II // inferred from mutant phenotype /// 0019886 // antigen processing and presentation of exogenous peptide antigen via MHC class II // traceable author statement /// 0031295 // T cell costimulation // traceable author statement /// 0032729 // positive regulation of interferon-gamma production // inferred from mutant phenotype /// 0042102 // positive regulation of T cell proliferation // inferred from mutant phenotype /// 0050852 // T cell receptor signaling pathway // traceable author statement /// 0050870 // positive regulation of T cell activation // inferred from mutant phenotype /// 0060333 // interferon-gamma-mediated signaling pathway // traceable author statement /// 0071346 // cellular response to interferon-gamma // inferred from direct assay","0000139 // Golgi membrane // traceable author statement /// 0005764 // lysosome // inferred from electronic annotation /// 0005765 // lysosomal membrane // traceable author statement /// 0005768 // endosome // inferred from electronic annotation /// 0005783 // endoplasmic reticulum // inferred from electronic annotation /// 0005789 // endoplasmic reticulum membrane // inferred from electronic annotation /// 0005794 // Golgi apparatus // inferred from electronic annotation /// 0005886 // plasma membrane // traceable author statement /// 0005887 // integral component of plasma membrane // non-traceable author statement /// 0009986 // cell surface // inferred from mutant phenotype /// 0010008 // endosome membrane // inferred from electronic annotation /// 0012507 // ER to Golgi transport vesicle membrane // traceable author statement /// 0016020 // membrane // inferred from electronic annotation /// 0016021 // integral component of membrane // inferred from electronic annotation /// 0030658 // transport vesicle membrane // traceable author statement /// 0030666 // endocytic vesicle membrane // traceable author statement /// 0030669 // clathrin-coated endocytic vesicle membrane // traceable author statement /// 0032588 // trans-Golgi network membrane // traceable author statement /// 0042613 // MHC class II protein complex // inferred from direct assay /// 0071556 // integral component of lumenal side of endoplasmic reticulum membrane // traceable author statement","0005515 // protein binding // inferred from electronic annotation /// 0032395 // MHC class II receptor activity // non-traceable author statement /// 0042605 // peptide antigen binding // inferred from direct assay",-1.4945273232988,10.0066793557431,-4.80509607187343,3.64406521748142e-05,0.0442635642238121,2.24512410246704
"213330_s_at","BE886580","","Homo sapiens","Oct 6, 2014","Consensus sequence","GenBank","gb:BE886580 /DB_XREF=gi:10341010 /DB_XREF=601509325F1 /CLONE=IMAGE:3910566 /FEA=EST /CNT=46 /TID=Hs.75612.1 /TIER=Stack /STK=11 /UG=Hs.75612 /LL=10963 /UG_GENE=STIP1 /UG_TITLE=stress-induced-phosphoprotein 1 (Hsp70Hsp90-organizing protein)","BE886580","stress-induced phosphoprotein 1","STIP1","10963","NM_001282652 /// NM_001282653 /// NM_006819","0006950 // response to stress // traceable author statement","0005634 // nucleus // traceable author statement /// 0005737 // cytoplasm // inferred from electronic annotation /// 0005794 // Golgi apparatus // traceable author statement /// 0043234 // protein complex // inferred from electronic annotation","0005515 // protein binding // inferred from physical interaction /// 0008022 // protein C-terminus binding // inferred from electronic annotation /// 0030544 // Hsp70 protein binding // inferred from electronic annotation /// 0044822 // poly(A) RNA binding // inferred from direct assay /// 0051087 // chaperone binding // inferred from electronic annotation",0.991269627902398,6.50122863491284,4.78586432901951,3.85119177868411e-05,0.0442635642238121,2.18333183592037
"217868_s_at","NM_016025","","Homo sapiens","Oct 6, 2014","Exemplar sequence","GenBank","gb:NM_016025.1 /DB_XREF=gi:7705788 /GEN=DREV1 /FEA=FLmRNA /CNT=226 /TID=Hs.279583.0 /TIER=FL+Stack /STK=11 /UG=Hs.279583 /LL=51108 /DEF=Homo sapiens CGI-81 protein (DREV1), mRNA. /PROD=CGI-81 protein /FL=gb:NM_016025.1 gb:AF151839.1 gb:BC000195.1","NM_016025","methyltransferase like 9","METTL9","51108","NM_001077180 /// NM_001288659 /// NM_001288660 /// NM_016025 /// XM_006721049","0008152 // metabolic process // inferred from electronic annotation","","0005515 // protein binding // inferred from physical interaction /// 0008168 // methyltransferase activity // inferred from electronic annotation",-0.731365092114903,10.9263686032428,-4.77765379530942,3.94314439311595e-05,0.0442635642238121,2.1648794657393
"207623_at","NM_005692","","Homo sapiens","Oct 6, 2014","Exemplar sequence","GenBank","gb:NM_005692.2 /DB_XREF=gi:10947136 /GEN=ABCF2 /FEA=FLmRNA /CNT=3 /TID=Hs.153612.0 /TIER=FL /STK=0 /UG=Hs.153612 /LL=10061 /DEF=Homo sapiens ATP-binding cassette, sub-family F (GCN20), member 2 (ABCF2), mRNA. /PROD=ATP-binding cassette, sub-family F, member 2 /FL=gb:AL050291.1 gb:NM_005692.2","NM_005692","ATP-binding cassette, sub-family F (GCN20), member 2","ABCF2","10061","NM_005692 /// NM_007189 /// XM_005249931 /// XM_006715824","0006200 // ATP catabolic process // inferred from electronic annotation /// 0006810 // transport // traceable author statement /// 0008152 // metabolic process // inferred from electronic annotation","0005739 // mitochondrion // inferred from electronic annotation /// 0005740 // mitochondrial envelope // traceable author statement /// 0016020 // membrane // inferred from direct assay /// 0043190 // ATP-binding cassette (ABC) transporter complex // traceable author statement","0000166 // nucleotide binding // inferred from electronic annotation /// 0005215 // transporter activity // traceable author statement /// 0005524 // ATP binding // inferred from electronic annotation /// 0016887 // ATPase activity // inferred from electronic annotation /// 0017111 // nucleoside-triphosphatase activity // inferred from electronic annotation",-1.04601657498774,6.52353673040796,-4.75754091078253,4.17771537192935e-05,0.0442635642238121,2.12904486800129
"204562_at","NM_002460","","Homo sapiens","Oct 6, 2014","Exemplar sequence","GenBank","gb:NM_002460.1 /DB_XREF=gi:4505286 /GEN=IRF4 /FEA=FLmRNA /CNT=143 /TID=Hs.82132.0 /TIER=FL /STK=0 /UG=Hs.82132 /LL=3662 /DEF=Homo sapiens interferon regulatory factor 4 (IRF4), mRNA. /PROD=interferon regulatory factor 4 /FL=gb:U52682.1 gb:NM_002460.1","NM_002460","interferon regulatory factor 4","IRF4","3662","NM_001195286 /// NM_002460 /// NR_036585 /// NR_046000 /// XM_006715090","0006351 // transcription, DNA-templated // inferred from electronic annotation /// 0006355 // regulation of transcription, DNA-templated // inferred from electronic annotation /// 0006479 // protein methylation // inferred from electronic annotation /// 0018022 // peptidyl-lysine methylation // inferred from electronic annotation /// 0019221 // cytokine-mediated signaling pathway // traceable author statement /// 0034122 // negative regulation of toll-like receptor signaling pathway // inferred from electronic annotation /// 0042110 // T cell activation // non-traceable author statement /// 0042832 // defense response to protozoan // inferred from sequence or structural similarity /// 0043011 // myeloid dendritic cell differentiation // inferred from electronic annotation /// 0043388 // positive regulation of DNA binding // inferred from electronic annotation /// 0043966 // histone H3 acetylation // inferred from electronic annotation /// 0043967 // histone H4 acetylation // inferred from electronic annotation /// 0045082 // positive regulation of interleukin-10 biosynthetic process // inferred from direct assay /// 0045086 // positive regulation of interleukin-2 biosynthetic process // inferred from direct assay /// 0045368 // positive regulation of interleukin-13 biosynthetic process // inferred from direct assay /// 0045404 // positive regulation of interleukin-4 biosynthetic process // inferred from direct assay /// 0045622 // regulation of T-helper cell differentiation // non-traceable author statement /// 0045893 // positive regulation of transcription, DNA-templated // inferred from direct assay /// 0045944 // positive regulation of transcription from RNA polymerase II promoter // inferred from electronic annotation /// 0060333 // interferon-gamma-mediated signaling pathway // traceable author statement /// 0060337 // type I interferon signaling pathway // traceable author statement /// 0072540 // T-helper 17 cell lineage commitment // inferred from sequence or structural similarity","0000788 // nuclear nucleosome // inferred from electronic annotation /// 0005634 // nucleus // inferred by curator /// 0005737 // cytoplasm // inferred from direct assay /// 0005829 // cytosol // traceable author statement /// 0016020 // membrane // inferred from direct assay","0000975 // regulatory region DNA binding // inferred from electronic annotation /// 0003677 // DNA binding // inferred from electronic annotation /// 0003700 // sequence-specific DNA binding transcription factor activity // inferred from sequence or structural similarity /// 0003700 // sequence-specific DNA binding transcription factor activity // non-traceable author statement /// 0005515 // protein binding // inferred from physical interaction /// 0008134 // transcription factor binding // non-traceable author statement /// 0016279 // protein-lysine N-methyltransferase activity // inferred from electronic annotation /// 0043565 // sequence-specific DNA binding // inferred from sequence or structural similarity",1.54305185790257,8.69513652234491,4.7533895562312,4.22783045639361e-05,0.0442635642238121,2.11990972394752
"206448_at","NM_014951","","Homo sapiens","Oct 6, 2014","Exemplar sequence","GenBank","gb:NM_014951.1 /DB_XREF=gi:7662331 /GEN=KIAA0844 /FEA=FLmRNA /CNT=15 /TID=Hs.22653.0 /TIER=FL /STK=5 /UG=Hs.22653 /LL=22891 /DEF=Homo sapiens KIAA0844 protein (KIAA0844), mRNA. /PROD=KIAA0844 protein /FL=gb:NM_014951.1 gb:AB020651.1","NM_014951","zinc finger protein 365","ZNF365","22891","NM_014951 /// NM_199450 /// NM_199451 /// NM_199452","","0005737 // cytoplasm // inferred from electronic annotation /// 0005815 // microtubule organizing center // inferred from electronic annotation /// 0005856 // cytoskeleton // inferred from electronic annotation","0005515 // protein binding // inferred from physical interaction",-0.939721843436601,5.52045315216456,-4.76365031138103,4.10503403095866e-05,0.0442635642238121,2.11137654114116
"224806_at","BE563152","","Homo sapiens","Oct 6, 2014","Consensus sequence","GenBank","gb:BE563152 /DB_XREF=gi:9806872 /DB_XREF=601335782F1 /CLONE=IMAGE:3689444 /FEA=mRNA /CNT=138 /TID=Hs.10362.0 /TIER=Stack /STK=47 /UG=Hs.10362 /UG_TITLE=Homo sapiens cDNA: FLJ20944 fis, clone ADSE01780","BE563152","tripartite motif containing 25","TRIM25","7706","NM_005082","0002376 // immune system process // inferred from electronic annotation /// 0006355 // regulation of transcription, DNA-templated // traceable author statement /// 0016032 // viral process // inferred from electronic annotation /// 0016567 // protein ubiquitination // inferred from electronic annotation /// 0019048 // modulation by virus of host morphology or physiology // inferred from electronic annotation /// 0032480 // negative regulation of type I interferon production // traceable author statement /// 0033280 // response to vitamin D // inferred from electronic annotation /// 0043123 // positive regulation of I-kappaB kinase/NF-kappaB signaling // inferred from direct assay /// 0043627 // response to estrogen // inferred from electronic annotation /// 0045087 // innate immune response // inferred from direct assay /// 0045087 // innate immune response // traceable author statement /// 0046596 // regulation of viral entry into host cell // inferred from direct assay /// 0051091 // positive regulation of sequence-specific DNA binding transcription factor activity // inferred from mutant phenotype /// 0051092 // positive regulation of NF-kappaB transcription factor activity // inferred from mutant phenotype /// 0051607 // defense response to virus // inferred from electronic annotation /// 1902186 // regulation of viral release from host cell // inferred from mutant phenotype","0005634 // nucleus // inferred from direct assay /// 0005730 // nucleolus // inferred from direct assay /// 0005737 // cytoplasm // inferred from direct assay /// 0005829 // cytosol // traceable author statement /// 0030054 // cell junction // inferred from direct assay","0003700 // sequence-specific DNA binding transcription factor activity // traceable author statement /// 0004842 // ubiquitin-protein transferase activity // inferred from electronic annotation /// 0005515 // protein binding // inferred from physical interaction /// 0008270 // zinc ion binding // inferred from electronic annotation /// 0016874 // ligase activity // inferred from electronic annotation /// 0016881 // acid-amino acid ligase activity // inferred from electronic annotation /// 0044822 // poly(A) RNA binding // inferred from direct assay /// 0046872 // metal ion binding // inferred from electronic annotation",0.988746254660105,11.0174609279344,4.74027976943355,4.39004458697909e-05,0.0442635642238121,2.07010120663285
