"ID","adj.P.Val","P.Value","t","B","logFC","GB_ACC","SPOT_ID","Gene.Symbol","Gene.Title"
"236191_at",0.00311758904247853,5.70203757197719e-08,7.06773505807153,8.1350840938902,2.39655410625616,"T81422","","",""
"222129_at",0.0126853840460491,8.19212536762759e-07,-6.1232716238514,5.75904307160909,-0.978880366216204,"AK026155","","FAM134A","family with sequence similarity 134, member A"
"228261_at",0.0126853840460491,8.72379064710224e-07,-6.10127918283069,5.62829124246948,-1.00217422751899,"BE045549","","MIB2","mindbomb E3 ubiquitin protein ligase 2"
"200616_s_at",0.0126853840460491,9.68706766711356e-07,6.06466987288992,5.60863162534863,1.51127109696299,"BC000371","","MLEC","malectin"
"204661_at",0.0126853840460491,1.39208604071869e-06,-5.93813601842238,5.3117929810114,-0.986858513686634,"NM_001803","","CD52","CD52 molecule"
"46665_at",0.0126853840460491,1.36818317903825e-06,-5.94417316884778,5.30022634644209,-1.27366652368401,"AI949392","","SEMA4C","sema domain, immunoglobulin domain (Ig), transmembrane domain (TM) and short cytoplasmic domain, (semaphorin) 4C"
"232686_at",0.0198348809985557,2.91348600019278e-06,-5.68123242796583,4.55473026924571,-1.43147393773194,"AI801574","","SIGLEC17P","sialic acid binding Ig-like lectin 17, pseudogene"
"229872_s_at",0.0198348809985557,3.6277788749073e-06,-5.6051238837959,4.40767055717291,-1.17678285468449,"AA532655","","LOC100996740","uncharacterized LOC100996740"
"230802_at",0.0198348809985557,3.4857055301762e-06,-5.61898611605677,4.38637370612909,-1.66717743628445,"AI761947","","ARHGAP24","Rho GTPase activating protein 24"
"207181_s_at",0.0205402355324942,4.13246622510171e-06,5.55993951236069,4.27043997163853,0.888733698571288,"NM_001227","","CASP7","caspase 7, apoptosis-related cysteine peptidase"
"226905_at",0.025920461276264,6.2115338422216e-06,-5.41866424891201,3.90217259924362,-0.855251715005695,"BG036514","","FAM101B","family with sequence similarity 101, member B"
"1559394_a_at",0.0139215364731246,1.78236406606076e-06,-5.85205880003181,3.86444840104707,-2.60288314000846,"AA284248","","",""
"219420_s_at",0.025920461276264,8.05546237070681e-06,5.32860081391877,3.61376382475115,0.915620219360207,"NM_023077","","COA7","cytochrome c oxidase assembly factor 7 (putative)"
"212300_at",0.025920461276264,8.23309031729904e-06,5.32104467168296,3.60794075172117,0.92264419071173,"AL049795","","TXLNA","taxilin alpha"
"222631_at",0.025920461276264,8.90663944136986e-06,5.29380284959301,3.55908393523866,0.960439138012418,"AI862887","","PI4K2B /// SEPSECS-AS1","phosphatidylinositol 4-kinase type 2 beta /// SEPSECS antisense RNA 1 (head to head)"
"212063_at",0.025920461276264,9.00756770460022e-06,-5.28989926622025,3.55164951771727,-0.777324945155252,"BE903880","","CD44","CD44 molecule (Indian blood group)"
"232322_x_at",0.025920461276264,8.9460014168429e-06,-5.29227521710392,3.53353184476033,-0.909346020582015,"D60944","","STARD10","StAR-related lipid transfer (START) domain containing 10"
"224647_at",0.0261459806724856,9.56414473616299e-06,-5.26912875178482,3.49879944296673,-0.62472739854628,"AI766065","","CCNY","cyclin Y"
"219155_at",0.0321933672623079,1.23650793325737e-05,-5.18014058055902,3.25695500256247,-0.883968629059874,"NM_012417","","PITPNC1","phosphatidylinositol transfer protein, cytoplasmic 1"
"239775_at",0.0325441397901954,1.30950356723237e-05,-5.16026621701204,3.17825473326798,-1.07014240726906,"AI761504","","LOC101927609","uncharacterized LOC101927609"
"223945_x_at",0.0328965266854366,1.4401614198274e-05,-5.12730754181505,3.11549702013154,-0.774425984113591,"AF274938","","RP9P","retinitis pigmentosa 9 pseudogene"
"219922_s_at",0.0328965266854366,1.46599136801139e-05,-5.12114662300663,3.09072036000608,-1.0729044014738,"NM_021070","","LTBP3","latent transforming growth factor beta binding protein 3"
"210886_x_at",0.0328965266854366,1.62451983631785e-05,-5.0855556345362,2.99632064387996,-0.766301784942492,"AB007457","","TP53TG1","TP53 target 1 (non-protein coding)"
"209254_at",0.0328965266854366,1.58399461261568e-05,5.09431277819155,2.94557117049659,1.13821907571021,"AI808625","","KLHDC10","kelch domain containing 10"
"206683_at",0.025920461276264,7.52799618975056e-06,-5.3520626034128,2.91912980122097,-2.08678531615524,"NM_003447","","ZNF165","zinc finger protein 165"
"214059_at",0.0392349920845241,2.06811322700205e-05,5.0018369708629,2.77893917581842,2.10070216978246,"BE049439","","IFI44","interferon-induced protein 44"
"1554747_a_at",0.0392349920845241,2.13556147606873e-05,4.9907034439972,2.73086750745128,0.909480196799389,"BC033559","","SEPT2","septin 2"
"203562_at",0.0392349920845241,2.19096423282418e-05,-4.98181728992224,2.71323588030411,-1.17252312007306,"NM_005103","","FEZ1","fasciculation and elongation protein zeta 1 (zygin I)"
"206115_at",0.0392349920845241,2.24596771424811e-05,-4.97321394071567,2.70398371729776,-2.26603536941447,"NM_004430","","EGR3","early growth response 3"
"207840_at",0.0392349920845241,2.29633241281165e-05,-4.96551830720119,2.68233152548823,-1.40599080384844,"NM_007053","","CD160","CD160 molecule"
"205591_at",0.025920461276264,6.50514559044329e-06,-5.40266030198102,2.67780187188131,-2.02048849958806,"NM_006334","","OLFM1","olfactomedin 1"
"211962_s_at",0.0395746709024247,2.53335799101027e-05,-4.93142218379893,2.58325943465043,-1.03336426795419,"BG250310","","ZFP36L1","ZFP36 ring finger protein-like 1"
"204470_at",0.0395746709024247,2.39075289181182e-05,-4.95153367776211,2.57300769332364,-1.87134823872638,"NM_001511","","CXCL1","chemokine (C-X-C motif) ligand 1 (melanoma growth stimulating activity, alpha)"
"208974_x_at",0.0411129624000724,2.78300216163159e-05,4.89878699242289,2.49912008438715,0.751436910131625,"BC003572","","KPNB1","karyopherin (importin) beta 1"
"231652_at",0.0328965266854366,1.55271971340452e-05,-5.10122521818691,2.48509636386625,-1.96820066890723,"AI418368","","RP6-91H8.2",""
"219283_at",0.0411129624000724,2.88243790463095e-05,4.88659306578143,2.47361590291931,1.31934221207601,"NM_014158","","C1GALT1C1","C1GALT1-specific chaperone 1"
"1556385_at",0.0411129624000724,3.15377685022673e-05,-4.85533470849712,2.3877984406773,-1.16942832521727,"BQ028191","","",""
"235696_at",0.0411129624000724,3.05164596111082e-05,-4.86677440846416,2.38266434092922,-1.06578753786896,"AI862542","","BC034319 /// RP11-11N9.4","Homo sapiens cDNA clone IMAGE:4837650. ///"
"230052_s_at",0.0411129624000724,3.20621551389003e-05,-4.849603428801,2.37141564872882,-1.11670533574399,"AA004799","","NFKBID","nuclear factor of kappa light polypeptide gene enhancer in B-cells inhibitor, delta"
"222692_s_at",0.0411129624000724,3.09738837910297e-05,4.86160442356062,2.32828609406267,1.67291461806964,"BF444916","","FNDC3B /// LOC101928615","fibronectin type III domain containing 3B /// uncharacterized LOC101928615"
"213537_at",0.0442635642238121,3.64406521748142e-05,-4.80509607187343,2.24512410246704,-1.4945273232988,"AI128225","","HLA-DPA1","major histocompatibility complex, class II, DP alpha 1"
"243837_x_at",0.0411129624000724,3.17073204409306e-05,-4.85347128858413,2.20415784046776,-1.45275305871812,"AA639707","","AC018816.3",""
"213330_s_at",0.0442635642238121,3.85119177868411e-05,4.78586432901951,2.18333183592037,0.991269627902398,"BE886580","","STIP1","stress-induced phosphoprotein 1"
"217868_s_at",0.0442635642238121,3.94314439311595e-05,-4.77765379530942,2.1648794657393,-0.731365092114903,"NM_016025","","METTL9","methyltransferase like 9"
"207623_at",0.0442635642238121,4.17771537192935e-05,-4.75754091078253,2.12904486800129,-1.04601657498774,"NM_005692","","ABCF2","ATP-binding cassette, sub-family F (GCN20), member 2"
"204562_at",0.0442635642238121,4.22783045639361e-05,4.7533895562312,2.11990972394752,1.54305185790257,"NM_002460","","IRF4","interferon regulatory factor 4"
"206448_at",0.0442635642238121,4.10503403095866e-05,-4.76365031138103,2.11137654114116,-0.939721843436601,"NM_014951","","ZNF365","zinc finger protein 365"
"224806_at",0.0442635642238121,4.39004458697909e-05,4.74027976943355,2.07010120663285,0.988746254660105,"BE563152","","TRIM25","tripartite motif containing 25"
"200598_s_at",0.0442635642238121,4.61458282717383e-05,4.7229056089427,2.03785560407346,2.03761768676427,"AI582238","","HSP90B1 /// MIR3652","heat shock protein 90kDa beta (Grp94), member 1 /// microRNA 3652"
"234339_s_at",0.0442635642238121,4.58724131429786e-05,-4.72497578561066,2.03457799149604,-0.95956142506531,"AF296124","","GLTSCR2 /// SNORD23","glioma tumor suppressor candidate region gene 2 /// small nucleolar RNA, C/D box 23"
"200949_x_at",0.0442635642238121,4.59965899643679e-05,-4.72403406033562,2.01035917586954,-0.603628191151028,"NM_001023","","RPS20 /// SNORD54","ribosomal protein S20 /// small nucleolar RNA, C/D box 54"
"226043_at",0.0453645189742902,4.97253446222667e-05,-4.69687256697298,1.97113273860444,-0.967981752709088,"AI242661","","GPSM1","G-protein signaling modulator 1"
"201198_s_at",0.0453645189742902,5.06855007606716e-05,4.69020580456091,1.95088023567815,1.07521247560147,"AI860431","","PSMD1","proteasome (prosome, macropain) 26S subunit, non-ATPase, 1"
"224330_s_at",0.0453645189742902,5.10932949304396e-05,4.68741215403483,1.94262690408353,1.18491764723988,"AB049647","","MRPL27","mitochondrial ribosomal protein L27"
"244164_at",0.0442635642238121,4.43388653890027e-05,-4.73681910900029,1.93217353144241,-1.17565257726839,"BE551248","","FAM223B","family with sequence similarity 223, member B (non-protein coding)"
"222644_s_at",0.0442635642238121,4.05374787998058e-05,-4.76802629795693,1.93012699089355,-1.73445205715684,"AI924150","","COLGALT1","collagen beta(1-O)galactosyltransferase 1"
"219402_s_at",0.0453645189742902,5.2117044390986e-05,4.68049515013763,1.90743996566029,1.0393097142318,"NM_024295","","DERL1","derlin 1"
"235407_at",0.0453645189742902,5.33892604259167e-05,-4.67208483540048,1.9060974177829,-1.36250790318897,"BG435723","","RABGEF1","RAB guanine nucleotide exchange factor (GEF) 1"
"203501_at",0.0453645189742902,5.4761010558814e-05,-4.66323641582354,1.88176271949615,-0.982084517616543,"NM_006102","","CPQ","carboxypeptidase Q"
"201206_s_at",0.0453645189742902,5.40159779693017e-05,4.66801457436007,1.87975720760021,1.28071365235317,"NM_004587","","RRBP1","ribosome binding protein 1"
"225291_at",0.0453645189742902,5.47380477752443e-05,4.66338271879382,1.87817380390857,1.23445728548493,"AI967971","","PNPT1","polyribonucleotide nucleotidyltransferase 1"
"205692_s_at",0.0456117762143924,5.5893717537527e-05,4.65609410154233,1.85140612085466,1.92462000931623,"NM_001775","","CD38","CD38 molecule"
"221734_at",0.0457200767245576,5.79643430422501e-05,4.64340109987368,1.8296110872667,1.34503119237106,"BE328312","","PRRC1","proline-rich coiled-coil 1"
"210102_at",0.0482541372979867,6.52820332494943e-05,4.60188845674676,1.72191909836218,0.836513737594423,"BC001234","","VWA5A","von Willebrand factor A domain containing 5A"
"219159_s_at",0.0482541372979867,6.86982852730867e-05,4.58406448195389,1.67471740722449,1.70701897819554,"NM_021181","","SLAMF7","SLAM family member 7"
"218309_at",0.0482541372979867,6.87213134647411e-05,-4.58394733888878,1.67061204168765,-0.889296347359942,"NM_018584","","CAMK2N1","calcium/calmodulin-dependent protein kinase II inhibitor 1"
"218358_at",0.0482541372979867,6.86808267281076e-05,4.58415331847826,1.64953995379527,1.29005631390446,"NM_024324","","CRELD2","cysteine-rich with EGF-like domains 2"
"241370_at",0.0482541372979867,7.06978668322946e-05,-4.57403492242792,1.64200133954585,-0.781134557803552,"AA278233","","LOC286052","uncharacterized LOC286052"
"216640_s_at",0.0482541372979867,7.12040019042243e-05,4.57154079819361,1.63170654754418,1.53157873537122,"AK026926","","PDIA6","protein disulfide isomerase family A, member 6"
"210910_s_at",0.0482541372979867,7.23936857746513e-05,-4.56574675687141,1.62620002581368,-1.22809375145788,"BC000487","","POMZP3","POM121 and ZP3 fusion"
"233180_at",0.0457200767245576,5.93016088373203e-05,-4.63544038888539,1.62274422846265,-2.25048361143787,"AU147152","","",""
"222805_at",0.0482541372979867,7.32527370047169e-05,4.56162130450759,1.61626952286248,1.48762700860743,"AI587307","","MANEA","mannosidase, endo-alpha"
"205793_x_at",0.0482541372979867,7.10190722186094e-05,-4.57245005003108,1.60469505263611,-1.13619307656024,"NM_003985","","TNK1","tyrosine kinase, non-receptor, 1"
"210850_s_at",0.0411129624000724,3.23339256187126e-05,-4.84666968990501,1.58318063949737,-1.95654393539533,"AF000672","","ELK1","ELK1, member of ETS oncogene family"
"1564383_s_at",0.0442635642238121,3.74457503496787e-05,-4.79563169979797,1.56846523622723,-1.75200044824882,"AK093253","","FLJ35934","FLJ35934"
"208658_at",0.0489404018920497,7.66097053790197e-05,4.54594674308549,1.56729189483501,1.22714268240046,"BC000425","","PDIA4","protein disulfide isomerase family A, member 4"
"207406_at",0.0395746709024247,2.53171964835788e-05,-4.93164677190698,1.55965837610686,-2.55278972124953,"NM_000780","","CYP7A1","cytochrome P450, family 7, subfamily A, polypeptide 1"
"201761_at",0.0489404018920497,7.76551095810086e-05,4.54120411833943,1.53508214382627,0.827211584119571,"NM_006636","","MTHFD2","methylenetetrahydrofolate dehydrogenase (NADP+ dependent) 2, methenyltetrahydrofolate cyclohydrolase"
"224690_at",0.0490147523319028,8.19494139624738e-05,-4.52236344626364,1.50351833656791,-0.789585390927398,"BG432350","","FAM210B","family with sequence similarity 210, member B"
"209253_at",0.0490147523319028,8.48224531523227e-05,-4.51029629081301,1.4827164061955,-1.10607809251238,"AF037261","","SORBS3","sorbin and SH3 domain containing 3"
"211656_x_at",0.0490147523319028,8.36086061464978e-05,-4.51534451154443,1.47572561604986,-1.25348489043504,"M32577","","HLA-DQB1 /// LOC101060835","major histocompatibility complex, class II, DQ beta 1 /// HLA class II histocompatibility antigen, DQ beta 1 chain-like"
"228910_at",0.0490147523319028,8.46595860190146e-05,-4.51096946539577,1.46963310951538,-0.901767089560526,"AI870617","","CD82","CD82 molecule"
"234568_at",0.0457200767245576,5.79602310810786e-05,-4.64342585803739,1.46510984231837,-1.62374973027948,"AL390185","","BC150507 /// SCAMP5","Homo sapiens cDNA clone IMAGE:40132534. /// secretory carrier membrane protein 5"
"1562247_at",0.0490147523319028,8.27277679303103e-05,-4.51905340794708,1.46355817746569,-1.46485429403569,"AL833160","","LOC286058","uncharacterized LOC286058"
"241676_x_at",0.0442635642238121,3.85086958938785e-05,-4.78589343871596,1.46320412590912,-2.4147682719092,"AI251979","","",""
"210320_s_at",0.0490147523319028,8.69580425458541e-05,4.50158572820061,1.45954546725771,0.678975342132192,"AF077033","","DDX52","DEAD (Asp-Glu-Ala-Asp) box polypeptide 52"
"208639_x_at",0.0490147523319028,8.6892475476922e-05,4.5018499970122,1.44219038211329,1.41089310191147,"BC001312","","PDIA6","protein disulfide isomerase family A, member 6"
"200020_at",0.0490147523319028,8.69396286378036e-05,4.50165992575422,1.43189365998308,0.87562273864758,"NM_007375","","TARDBP","TAR DNA binding protein"
"213759_at",0.0461144437651129,6.07268395260745e-05,-4.62714960612891,1.41048229726787,-1.8741678066171,"N74140","","ARL4C","ADP-ribosylation factor-like 4C"
"222704_at",0.0457200767245576,5.93712930488083e-05,4.63503045420139,1.40506465640958,1.96016865851781,"W93584","","POLR1A","polymerase (RNA) I polypeptide A, 194kDa"
"201026_at",0.049551216676068,9.24412272694822e-05,4.4801553342922,1.40234827782714,1.06915406186773,"AB018284","","EIF5B","eukaryotic translation initiation factor 5B"
"226177_at",0.049551216676068,8.99569909585682e-05,-4.48970443768404,1.39549799211145,-0.702750722573228,"AI052020","","GLTP","glycolipid transfer protein"
"222262_s_at",0.049551216676068,9.23405274006555e-05,4.4805374512107,1.3936671689096,1.28910445420906,"AL137750","","ETNK1","ethanolamine kinase 1"
"231835_at",0.0499912641128026,9.41765012093035e-05,-4.47363451932119,1.38593047957418,-0.875406522603851,"AL359575","","FAM213B","family with sequence similarity 213, member B"
"229369_at",0.0482541372979867,7.23790713617225e-05,-4.56581735878369,1.37350132901455,-1.4330649675162,"AI201858","","VSIG2","V-set and immunoglobulin domain containing 2"
"230748_at",0.0503123969193193,9.57016786394003e-05,-4.46800056167061,1.35206194450355,-1.02928099297771,"AI873273","","SLC16A6","solute carrier family 16, member 6"
"225312_at",0.0504903836971615,9.69636998299399e-05,-4.46340540845092,1.33703839865402,-0.611926430496643,"AV704551","","COMMD6","COMM domain containing 6"
"1562449_s_at",0.0453645189742902,4.86693684146724e-05,-4.70435378272043,1.33380451296903,-1.66674567865743,"BC043255","","LARGE-AS1","LARGE antisense RNA 1"
"210293_s_at",0.0510915749455392,9.93099120880273e-05,4.45501759082023,1.31574026676842,0.903472101795385,"BC005032","","SEC23B","Sec23 homolog B (S. cerevisiae)"
"236122_at",0.0510915749455392,0.000102738211264837,4.44310697442084,1.30674777254799,0.690010886587113,"H40696","","",""
"212397_at",0.0510915749455392,0.000102729333560008,4.44313730720603,1.30672771260211,1.1034649773144,"AL137751","","RDX","radixin"
"242443_at",0.0510915749455392,0.000102790548587276,-4.44292820416854,1.30435006958584,-0.975728666249024,"AW026978","","ZC3H14","zinc finger CCCH-type containing 14"
"228083_at",0.0526714898826433,0.000107471311301874,-4.42729311122078,1.26648962362165,-0.887918097714559,"AI433691","","CACNA2D4","calcium channel, voltage-dependent, alpha 2/delta subunit 4"
"221553_at",0.0526714898826433,0.000107895873193526,4.42590839498941,1.26247816749102,1.27749649421392,"AL136636","","MAGT1","magnesium transporter 1"
"214567_s_at",0.0530687239035247,0.000109680215840847,-4.42014698058821,1.24344564953145,-1.68099346893294,"NM_003175","","XCL1 /// XCL2","chemokine (C motif) ligand 1 /// chemokine (C motif) ligand 2"
"227873_at",0.0541471629563698,0.000112899434422061,4.40998290468821,1.22024325849273,0.911182303406734,"BE547587","","TXNDC15","thioredoxin domain containing 15"
"1560554_a_at",0.0492601599329023,8.82943881742007e-05,-4.49624209244553,1.20433060681966,-1.69643892615311,"BC027909","","C1orf145","chromosome 1 open reading frame 145"
"208901_s_at",0.0544824726928998,0.000115370378571923,4.40237369076537,1.16132720019361,0.828183075896209,"J03250","","TOP1","topoisomerase (DNA) I"
"214470_at",0.0544824726928998,0.000115591528712874,-4.40170052936597,1.15940793543743,-1.11516738308008,"NM_002258","","KLRB1","killer cell lectin-like receptor subfamily B, member 1"
"202962_at",0.0567560104992339,0.000125605437044487,4.37247999896039,1.11486663496117,0.594735092427871,"NM_015254","","KIF13B","kinesin family member 13B"
"207668_x_at",0.0567560104992339,0.00012384854003121,4.37743635103484,1.1108252207453,1.36541951998583,"NM_005742","","PDIA6","protein disulfide isomerase family A, member 6"
"213103_at",0.049551216676068,9.21459208155562e-05,-4.48127707673411,1.10906650374073,-1.75517595691073,"AA128023","","STARD13","StAR-related lipid transfer (START) domain containing 13"
"203605_at",0.0567560104992339,0.000125096357734142,4.3739090772919,1.10037439338776,0.833738110401862,"NM_003136","","SRP54","signal recognition particle 54kDa"
"46256_at",0.0570543702501088,0.000127309248660508,-4.36773832898917,1.06099135231758,-0.644311747373992,"AA522670","","SPSB3","splA/ryanodine receptor domain and SOCS box containing 3"
"226844_at",0.0592440938875234,0.000135446030835673,-4.34592437708335,1.05277864328061,-1.01944271899966,"AI375115","","MOB3B","MOB kinase activator 3B"
"226193_x_at",0.0589947639214663,0.000132717987422778,4.35309044216613,1.0403924178016,1.17098172601085,"AV709992","","CBWD1 /// CBWD2 /// CBWD3 /// CBWD5 /// CBWD6 /// CBWD7 /// LOC101060578","COBW domain containing 1 /// COBW domain containing 2 /// COBW domain containing 3 /// COBW domain containing 5 /// COBW domain containing 6 /// COBW domain containing 7 /// putative COBW domain-containing protein 7-like"
"211048_s_at",0.0592008196046914,0.000134264318810823,4.34901087315785,1.04024170361553,1.43395167034929,"BC006344","","PDIA4","protein disulfide isomerase family A, member 4"
"214044_at",0.0489404018920497,7.96652175288966e-05,-4.53225996882362,1.03902620675559,-1.84764777128131,"BE968750","","RYR2","ryanodine receptor 2 (cardiac)"
"1554717_a_at",0.0489404018920497,7.91692657676331e-05,-4.53444581560735,1.01714593955486,-2.10953101698977,"BC008390","","PDE4D","phosphodiesterase 4D, cAMP-specific"
"210563_x_at",0.0607889915434902,0.000142313505579639,4.32849676374489,0.983889349258595,1.31814317959418,"U97075","","CFLAR","CASP8 and FADD-like apoptosis regulator"
"213687_s_at",0.0594920987191615,0.000137101132850743,-4.34164580469839,0.972580611909982,-0.645784135650853,"BE968801","","RPL35A","ribosomal protein L35a"
"204440_at",0.0604996704643359,0.000140529641499235,-4.33294259577446,0.964974570882257,-1.71919298931159,"NM_004233","","CD83","CD83 molecule"
"216570_x_at",0.061377649544487,0.000145936798185337,-4.31963333701958,0.956740092834287,-0.822168170278271,"AL096829","","RP4-595K12.1",""
"229189_s_at",0.0636563514726827,0.000153726211558352,-4.30129116411074,0.940746522181596,-0.714084383365017,"BF672306","","RP11-539L10.3",""
"1558340_at",0.0608409529039344,0.00014354792729049,-4.32545233475807,0.919226748713772,-1.1461277731797,"BC035509","","DIXDC1","DIX domain containing 1"
"1553706_at",0.0636563514726827,0.000154465071907357,-4.29959916439484,0.915674910632597,-1.99002802866549,"NM_153692","","HTRA4","HtrA serine peptidase 4"
"208195_at",0.0650224517524311,0.00016054926358625,-4.28596210513444,0.903470062607606,-0.811431910236736,"NM_003319","","TTN","titin"
"1559470_at",0.0482541372979867,7.15842530326595e-05,-4.56967852672317,0.897392325134593,-2.29134702481361,"AY063451","","D21S2088E","D21S2088E"
"229874_x_at",0.0636563514726827,0.000154847640527971,-4.29872620912317,0.888454553129495,-0.983596367389746,"BE865517","","BC070363 /// RP11-108M9.4","Homo sapiens cDNA clone IMAGE:3960708, partial cds. ///"
"1561613_at",0.0510915749455392,0.000100386953418626,-4.4512325087443,0.879104379685092,-2.00080525016776,"BC038189","","",""
"219909_at",0.0489404018920497,7.83435444819843e-05,-4.53811532589901,0.87520513899211,-1.86163532802113,"NM_024302","","MMP28","matrix metallopeptidase 28"
"212569_at",0.0650145443184862,0.000159340629879783,4.28863012313636,0.869505114090114,0.74621710887436,"AV699744","","SMCHD1","structural maintenance of chromosomes flexible hinge domain containing 1"
"228280_at",0.0683147387896546,0.000169927836769877,4.26590763495711,0.852298576873787,1.53536641102312,"AI188445","","ZC3HAV1L","zinc finger CCCH-type, antiviral 1-like"
"236608_at",0.0489404018920497,7.53800003387352e-05,4.55160817416297,0.836616341148958,2.46525995525023,"AW139678","","GPR113","G protein-coupled receptor 113"
"202763_at",0.0686699540791953,0.000172067374647458,4.26148552054773,0.818183904852172,0.920957006206814,"NM_004346","","CASP3","caspase 3, apoptosis-related cysteine peptidase"
"223103_at",0.0694957017678881,0.000177387170859146,-4.25072076958824,0.81373189519855,-0.840054445561344,"AF151810","","STARD10","StAR-related lipid transfer (START) domain containing 10"
"39650_s_at",0.0694957017678881,0.000182675162983899,-4.24033090073469,0.774973442817283,-0.833458541602869,"AB007895","","PCNXL2","pecanex-like 2 (Drosophila)"
"216050_at",0.0694957017678881,0.000184488837065121,-4.23683546947792,0.773773023835138,-1.74222288096979,"AK024584","","",""
"218052_s_at",0.0694957017678881,0.000181456301941389,4.24269921655734,0.768354364488099,0.65888704808588,"NM_020410","","ATP13A1","ATPase type 13A1"
"229952_at",0.0694957017678881,0.000187531921663794,-4.23104593254121,0.763628696400605,-1.33094562062363,"AI936724","","PLEKHG3","pleckstrin homology domain containing, family G (with RhoGef domain) member 3"
"229145_at",0.0694957017678881,0.000181155011321394,-4.24328705525723,0.759379667098488,-0.804025755697362,"AA541762","","ANAPC16","anaphase promoting complex subunit 16"
"226248_s_at",0.0694957017678881,0.000188197024775265,-4.2297928778456,0.753147674266518,-0.937907797637727,"AI565067","","KIAA1324","KIAA1324"
"205709_s_at",0.0554296156426477,0.000119628617207726,-4.38963051622522,0.752861939111039,-1.74159399149313,"NM_001263","","CDS1","CDP-diacylglycerol synthase (phosphatidate cytidylyltransferase) 1"
"225557_at",0.0694957017678881,0.000188692940867051,-4.22886140483746,0.731666544988216,-1.00794999872011,"AI091372","","CSRNP1","cysteine-serine-rich nuclear protein 1"
"204447_at",0.0694957017678881,0.00019314994381414,-4.22059638790334,0.731341046298762,-1.68774305485464,"NM_014731","","LZTS3","leucine zipper, putative tumor suppressor family member 3"
"217749_at",0.0695512847218704,0.000195867455820035,4.21564867482014,0.718843449322986,0.822852459495984,"NM_016128","","COPG1","coatomer protein complex, subunit gamma 1"
"212671_s_at",0.0694957017678881,0.000187242081443469,-4.23159336068235,0.717264896991179,-2.07914553390736,"BG397856","","HLA-DQA1 /// HLA-DQA2 /// LOC100509457","major histocompatibility complex, class II, DQ alpha 1 /// major histocompatibility complex, class II, DQ alpha 2 /// HLA class II histocompatibility antigen, DQ alpha 1 chain-like"
"208689_s_at",0.0694957017678881,0.000193202499656497,4.22050005276105,0.70233065640099,0.984829082687206,"BC003560","","RPN2","ribophorin II"
"226876_at",0.0694957017678881,0.000192683964181005,-4.22145166106209,0.697306249444602,-0.850293062927387,"AI961778","","FAM101B","family with sequence similarity 101, member B"
"34210_at",0.0694957017678881,0.000183164381925698,-4.23938469289111,0.691543965470683,-0.732119671267066,"N90866","","CD52","CD52 molecule"
"233932_at",0.0547173604642777,0.000117090647907096,-4.39717059823428,0.67885320202032,-2.2978382225356,"AL109791","","",""
"226959_at",0.0695512847218704,0.00020398528214837,-4.20126116876041,0.668686187287528,-0.724677513216057,"AL137430","","LOC283070","uncharacterized LOC283070"
"218100_s_at",0.0695512847218704,0.000202351433496339,-4.20411106529591,0.662818001935585,-0.794968286491295,"NM_018010","","IFT57","intraflagellar transport 57 homolog (Chlamydomonas)"
"205861_at",0.0695512847218704,0.00021059147964443,-4.18996251729692,0.658406270377357,-0.855533173846833,"NM_003121","","SPIB","Spi-B transcription factor (Spi-1/PU.1 related)"
"211343_s_at",0.0695512847218704,0.000206264223980098,-4.19732332314809,0.646278432374132,-1.43143469184845,"M33653","","COL13A1","collagen, type XIII, alpha 1"
"208716_s_at",0.0695512847218704,0.000204381600968708,4.20057326016702,0.644700021418079,0.774370187512346,"AB020980","","TMCO1","transmembrane and coiled-coil domains 1"
"203800_s_at",0.0695512847218704,0.000209006372463269,4.19264142508281,0.63083925376754,0.931598950044487,"BG254653","","MRPS14","mitochondrial ribosomal protein S14"
"1555274_a_at",0.0695512847218704,0.000214429578237111,4.18355720652632,0.625749807949192,0.978241866672518,"BC021229","","EPT1","ethanolaminephosphotransferase 1 (CDP-ethanolamine-specific)"
"213399_x_at",0.0695512847218704,0.000202271041998411,4.20425187455659,0.62258099084188,0.716336426865954,"AI560720","","RPN2","ribophorin II"
"228193_s_at",0.0695512847218704,0.00020967105862732,-4.19151564897826,0.621551165587328,-1.66448325764993,"AI744499","","",""
"227164_at",0.0695512847218704,0.000217702106457363,4.17818418225512,0.617737977519681,0.995361158927543,"AL521786","","SRSF1","serine/arginine-rich splicing factor 1"
"1569040_s_at",0.0695512847218704,0.000220019789883643,4.17442669872148,0.608620971603405,1.75632118130788,"AA632139","","ANKRD36BP2","ankyrin repeat domain 36B pseudogene 2"
"36545_s_at",0.0695512847218704,0.000216562351024591,-4.18004643081849,0.601760599919454,-0.894407637727545,"AB011114","","SFI1","Sfi1 homolog, spindle assembly associated (yeast)"
"212809_at",0.0695512847218704,0.000217673069198545,4.17823150717601,0.601749553691937,0.669576407650071,"AA152202","","NFATC2IP","nuclear factor of activated T-cells, cytoplasmic, calcineurin-dependent 2 interacting protein"
"222753_s_at",0.0695512847218704,0.000215617006778902,4.18159835619403,0.590160641585512,1.08785128323411,"AL136660","","SPCS3","signal peptidase complex subunit 3 homolog (S. cerevisiae)"
"208853_s_at",0.070880354569471,0.000225572596160731,4.16558032949076,0.576397359385461,0.936975408560994,"L18887","","CANX","calnexin"
"208965_s_at",0.071598473971194,0.000233096083527618,4.153929915922,0.550213469052789,1.20681751939296,"BG256677","","IFI16","interferon, gamma-inducible protein 16"
"205368_at",0.0694957017678881,0.000175943177476428,-4.25361096167325,0.545039539160149,-1.51209060612693,"NM_014690","","FAM131B","family with sequence similarity 131, member B"
"227134_at",0.0714457354963345,0.000230841732814644,-4.15738162162326,0.535783965267082,-0.800568564475491,"AI341537","","SYTL1","synaptotagmin-like 1"
"225834_at",0.0722237660735854,0.000237773715468594,4.14687129870335,0.535646701732146,1.31692227909007,"AL135396","","FAM72A /// FAM72B /// FAM72C /// FAM72D","family with sequence similarity 72, member A /// family with sequence similarity 72, member B /// family with sequence similarity 72, member C /// family with sequence similarity 72, member D"
"216941_s_at",0.0727460410979016,0.00024120162412423,4.14178463228715,0.530184058738368,0.951073182365993,"AK026521","","TAF1B","TATA box binding protein (TBP)-associated factor, RNA polymerase I, B, 63kDa"
"232757_at",0.0695512847218704,0.000213836135866538,-4.18454018402039,0.514857963895625,-1.44464336331044,"AV705679","","",""
"217236_x_at",0.0727460410979016,0.000243484691740576,4.13843604560848,0.508357695727286,1.55292279802148,"S74639","","IGH /// IGHA1 /// IGHA2 /// IGHD /// IGHG1 /// IGHG3 /// IGHG4 /// IGHM /// IGHV4-31","immunoglobulin heavy locus /// immunoglobulin heavy constant alpha 1 /// immunoglobulin heavy constant alpha 2 (A2m marker) /// immunoglobulin heavy constant delta /// immunoglobulin heavy constant gamma 1 (G1m marker) /// immunoglobulin heavy constant gamma 3 (G3m marker) /// immunoglobulin heavy constant gamma 4 (G4m marker) /// immunoglobulin heavy constant mu /// immunoglobulin heavy variable 4-31"
"220898_at",0.0694957017678881,0.000193117509117289,-4.22065585374983,0.504955524245227,-1.31133303651708,"NM_024972","","",""
"1565579_at",0.0727566434716532,0.000247445451782458,-4.13269928612273,0.50237305273553,-0.993368370953908,"BC009749","","",""
"208454_s_at",0.0727566434716532,0.000248978444647108,-4.13050307937468,0.50197783456299,-0.720672580630963,"NM_016134","","CPQ","carboxypeptidase Q"
"206366_x_at",0.0727566434716532,0.00024977469875318,-4.12936757963859,0.480949969515965,-1.54714039410666,"U23772","","XCL1","chemokine (C motif) ligand 1"
"216828_at",0.0695512847218704,0.000197452043248894,-4.21279473470945,0.476952544278924,-1.3947158862716,"AL441988","","LOC100505874 /// MLLT10P1","uncharacterized LOC100505874 /// myeloid/lymphoid or mixed-lineage leukemia (trithorax homolog, Drosophila); translocated to, 10 pseudogene 1"
"200900_s_at",0.0727566434716532,0.000257910647861232,4.11796485708681,0.455399861091899,0.940071046010097,"AI583537","","M6PR","mannose-6-phosphate receptor (cation dependent)"
"235773_at",0.0727566434716532,0.000263567889579074,-4.11024242788332,0.451621931433372,-0.730270868924248,"AW029293","","ZIK1","zinc finger protein interacting with K protein 1"
"235561_at",0.0727566434716532,0.000260878370636879,-4.11389325416441,0.445027778362694,-0.923302396546525,"T16544","","TXNL1","thioredoxin-like 1"
"238376_at",0.0727566434716532,0.000267105330895869,-4.10549590268037,0.441848862799324,-0.951470781669294,"AI436581","","LOC100505564","uncharacterized LOC100505564"
"200967_at",0.0727460410979016,0.000242978871817791,4.13917526642032,0.439819401272931,0.779662167537616,"NM_000942","","PPIB","peptidylprolyl isomerase B (cyclophilin B)"
"225072_at",0.0727566434716532,0.000265463966896708,-4.1076905560304,0.439464346829632,-1.0995630150373,"AI521452","","ZCCHC3","zinc finger, CCHC domain containing 3"
"212810_s_at",0.0727566434716532,0.000261596502511207,4.11291483910526,0.435540023019963,1.09235994521821,"W72527","","SLC1A4","solute carrier family 1 (glutamate/neutral amino acid transporter), member 4"
"203045_at",0.0727566434716532,0.000260209496192458,-4.11480694014107,0.428737627214401,-1.41944437303314,"NM_004148","","NINJ1","ninjurin 1"
"205801_s_at",0.0728014224655683,0.000274323707172393,4.09599880907607,0.408564742599037,1.11064809269742,"NM_015376","","RASGRP3","RAS guanyl releasing protein 3 (calcium and DAG-regulated)"
"224733_at",0.0727566434716532,0.000267489704211949,-4.10498387381558,0.407453784774768,-0.618104626701051,"AL574900","","CMTM3","CKLF-like MARVEL transmembrane domain containing 3"
"1555792_a_at",0.0714457354963345,0.000231292092964814,-4.15668942128664,0.403436242631532,-1.39829932714567,"BC033499","","CCDC116","coiled-coil domain containing 116"
"226449_at",0.0727566434716532,0.000268803694216259,-4.10323892846252,0.391421794797704,-0.616433953284186,"AI392933","","CEP120","centrosomal protein 120kDa"
"230743_at",0.0695512847218704,0.000218981360525467,-4.17610538968373,0.390219612153833,-1.13962855380549,"AI743312","","HOXB-AS3","HOXB cluster antisense RNA 3"
"203276_at",0.0728014224655683,0.000278216181233882,4.09097884904804,0.388123324319836,1.07287662214305,"NM_005573","","LMNB1","lamin B1"
"202968_s_at",0.0728014224655683,0.000275203505794651,-4.09485808281296,0.385155208394813,-0.715304773910173,"Y09216","","DYRK2","dual-specificity tyrosine-(Y)-phosphorylation regulated kinase 2"
"234764_x_at",0.0728014224655683,0.000280123486560929,4.08854418445129,0.372619868365263,2.43990979355141,"U96394","","CKAP2 /// DKFZp667J0810 /// IGLC1 /// IGLJ2 /// IGLJ2 /// IGLJ3 /// IGLJ3 /// IGLJ3 /// IGLV1-36 /// IGLV1-36 /// IGLV1-44 /// IGLV1-50 /// IGLV1-50 /// IGLV@","cytoskeleton associated protein 2 /// Homo sapiens cDNA FLJ43597 fis, clone SMINT2015787, moderately similar to Immunoglobulin lambda light chain. /// immunoglobulin lambda constant 1 (Mcg marker) ///  /// immunoglobulin lambda joining 2 /// immunoglobulin lambda joining 3 /// immunoglobulin lambda joining 3 ///  /// immunoglobulin lambda variable 1-36 ///  /// immunoglobulin lambda variable 1-44 /// immunoglobulin lambda variable 1-50 (non-functional) ///  /// immunoglobulin lambda variable cluster"
"213450_s_at",0.0727566434716532,0.00026757786598294,-4.10486653416564,0.371910333684783,-1.73387364048787,"AI659611","","ICOSLG","inducible T-cell co-stimulator ligand"
"221710_x_at",0.0728014224655683,0.000289621950314266,-4.07665663283869,0.371360009781279,-0.739860647053324,"BC006241","","EVA1B","eva-1 homolog B (C. elegans)"
"52940_at",0.0728014224655683,0.000277743665095041,-4.09158454465693,0.366702786372531,-0.644683482840628,"AA085764","","SIGIRR","single immunoglobulin and toll-interleukin 1 receptor (TIR) domain"
"202188_at",0.0728014224655683,0.00028237825237595,4.0856868834715,0.364520511060833,0.632502738012349,"NM_014669","","NUP93","nucleoporin 93kDa"
"205061_s_at",0.0728014224655683,0.000289286385036923,4.07707004091384,0.352547931263114,0.966686454508939,"NM_005033","","EXOSC9","exosome component 9"
"221597_s_at",0.0728014224655683,0.000284778300171117,4.08266997004432,0.342155341648126,0.788764898775083,"BC003080","","TMEM208","transmembrane protein 208"
"239450_at",0.0728014224655683,0.000300120349322253,-4.06395467575758,0.341447339674105,-1.05779269233582,"AA846867","","NDUFV2-AS1","NDUFV2 antisense RNA 1"
"202069_s_at",0.0728014224655683,0.000291034564483302,4.07492146435176,0.339516544825136,1.10737464487585,"AI826060","","IDH3A","isocitrate dehydrogenase 3 (NAD+) alpha"
"204867_at",0.0728014224655683,0.000294286838964063,-4.07095777285937,0.339283858463594,-0.690750016773907,"NM_005258","","GCHFR","GTP cyclohydrolase I feedback regulator"
"238475_at",0.0728014224655683,0.000297150730662298,4.06750283742539,0.337150761020372,0.798338473870309,"BE326696","","ALG10 /// ALG10B","ALG10, alpha-1,2-glucosyltransferase /// ALG10B, alpha-1,2-glucosyltransferase"
"202848_s_at",0.0728014224655683,0.000291060533838373,-4.07488964259056,0.332788336448543,-0.5955434707757,"BG423052","","GRK6","G protein-coupled receptor kinase 6"
"212832_s_at",0.0728014224655683,0.00029202856092103,4.07370544529169,0.332723573458077,0.815909139258681,"AI143124","","CKAP5","cytoskeleton associated protein 5"
"202433_at",0.0728014224655683,0.000294479320495211,4.07072453578894,0.317228267507132,1.0184354973223,"NM_005827","","SLC35B1","solute carrier family 35, member B1"
"201263_at",0.0728014224655683,0.000294957114130105,4.07014622105355,0.316657615509259,0.895385736201536,"NM_003191","","TARS","threonyl-tRNA synthetase"
"1562731_s_at",0.073251860912792,0.000310549532490983,-4.05176080112889,0.305713491370548,-0.877608569850328,"BC041472","","MDS2","myelodysplastic syndrome 2 translocation associated"
"223991_s_at",0.0728014224655683,0.000303067004953348,4.0604678223704,0.303540297819066,0.831937906446336,"AF130059","","GALNT2","polypeptide N-acetylgalactosaminyltransferase 2"
"232554_at",0.073251860912792,0.000308326822374479,-4.05432558202559,0.303371965996059,-1.12001288742094,"W92263","","LRRC56","leucine rich repeat containing 56"
"217858_s_at",0.0728014224655683,0.000301276186533189,4.06258295873836,0.302520305446378,0.758309920047072,"NM_016607","","ARMCX3","armadillo repeat containing, X-linked 3"
"1565892_at",0.0727566434716532,0.000263728196358661,-4.11002597961872,0.300405187131776,-1.26768363943813,"AK095658","","",""
"217521_at",0.0733394332590495,0.000315222072535467,-4.0464273463394,0.294156035357193,-1.24105404383779,"N54942","","HAL","histidine ammonia-lyase"
"1562697_at",0.0728014224655683,0.000302780422583012,-4.06080547980064,0.29308404032711,-0.99135365344204,"BC041468","","LOC339988","uncharacterized LOC339988"
"200968_s_at",0.0728014224655683,0.000288484959206691,4.0780592841924,0.291693934715271,1.15424399446933,"NM_000942","","PPIB","peptidylprolyl isomerase B (cyclophilin B)"
"49111_at",0.073251860912792,0.00030888227968644,-4.05368294586669,0.28604237146034,-0.692064232482598,"N80935","","ARRB1","arrestin, beta 1"
"211936_at",0.0728014224655683,0.00030227807309913,4.06139811553286,0.2846934941961,1.23454727268078,"AF216292","","HSPA5","heat shock 70kDa protein 5 (glucose-regulated protein, 78kDa)"
"1566596_at",0.0695512847218704,0.000199122703051523,-4.20981007362437,0.277247730963764,-1.61771015548349,"AL831867","","",""
"227783_at",0.0735050673380888,0.000324000388266656,-4.03661368482277,0.268341732575252,-1.19406977952787,"AA573901","","CCDC57","coiled-coil domain containing 57"
"218193_s_at",0.073251860912792,0.000312166137954834,4.0499066840249,0.268307956457569,0.816134752604098,"NM_016072","","GOLT1B","golgi transport 1B"
"214555_at",0.0721813030455224,0.000236313731049813,-4.1490596805678,0.266210656631412,-1.621866266317,"NM_001053","","SSTR5","somatostatin receptor 5"
"207700_s_at",0.073251860912792,0.000311363013670192,4.05082662355126,0.26556888314324,1.44242086755751,"NM_006534","","NCOA3","nuclear receptor coactivator 3"
"201729_s_at",0.0735050673380888,0.000322820530775062,4.03791743060083,0.244561256071641,0.634075623927103,"NM_014680","","KIAA0100","KIAA0100"
"224839_s_at",0.0735320194170705,0.00033205528515894,4.02783539146228,0.241896352925276,0.845152811732095,"BG328998","","GPT2","glutamic pyruvate transaminase (alanine aminotransferase) 2"
"242738_s_at",0.0735320194170705,0.000337852944500037,-4.02164526596875,0.226058296280032,-0.818865340467815,"BG402859","","ZFHX3","zinc finger homeobox 3"
"243947_s_at",0.0735320194170705,0.000341490158128392,-4.01781474496455,0.225189411204274,-0.857788575299632,"AW300612","","",""
"1559067_a_at",0.0735320194170705,0.000328039101668281,-4.03218585522205,0.218514080314412,-0.885401243858343,"AI199398","","LOC158402 /// RP11-4O1.2","uncharacterized LOC158402 ///"
"201693_s_at",0.0735320194170705,0.000337429120324207,-4.02209424087156,0.216291923968829,-1.58173873715739,"AV733950","","EGR1","early growth response 1"
"1564630_at",0.0735050673380888,0.00032091934320468,-4.04002810674778,0.211069217028274,-1.07675763550719,"BC036851","","EDN1","endothelin 1"
"212836_at",0.0735320194170705,0.000342947690011029,4.0162909565688,0.206856315112734,0.911618500767081,"D26018","","POLD3","polymerase (DNA-directed), delta 3, accessory subunit"
"204148_s_at",0.0746912078466344,0.000349720150136962,-4.00929284964744,0.195000307160239,-1.29448106408774,"NM_012230","","POMZP3 /// ZP3","POM121 and ZP3 fusion /// zona pellucida glycoprotein 3 (sperm receptor)"
"224451_x_at",0.0735050673380888,0.000322718816466442,-4.03803004377233,0.192302062470539,-0.560264475026132,"BC006107","","ARHGAP9","Rho GTPase activating protein 9"
"226247_at",0.0735320194170705,0.000340045516779753,-4.01933135737566,0.187054002356843,-0.79415519588332,"AI346026","","PLEKHA1","pleckstrin homology domain containing, family A (phosphoinositide binding specific) member 1"
"221331_x_at",0.0735320194170705,0.000342804681647591,4.01644018481431,0.185061280351597,1.87809590467671,"NM_005214","","CTLA4","cytotoxic T-lymphocyte-associated protein 4"
"218817_at",0.0735320194170705,0.000341884784073408,4.0174015520146,0.18495531694839,1.091065356575,"NM_021928","","SPCS3","signal peptidase complex subunit 3 homolog (S. cerevisiae)"
"225447_at",0.0747018859110657,0.000351673648319598,4.00729892341265,0.174495050836361,1.0685823531684,"AA613031","","GPD2","glycerol-3-phosphate dehydrogenase 2 (mitochondrial)"
"201389_at",0.0754293042558883,0.000357314856923184,-4.00160128435123,0.17370179676376,-0.808138759537878,"NM_002205","","ITGA5","integrin, alpha 5 (fibronectin receptor, alpha polypeptide)"
"221760_at",0.0735320194170705,0.000339082008100324,4.02034638055139,0.173205175807796,1.23179412116897,"BG287153","","MAN1A1","mannosidase, alpha, class 1A, member 1"
"238626_at",0.0714064718723114,0.000228552950665834,-4.1609201034113,0.166337479555547,-1.82688314902212,"BG478818","","ANKS6","ankyrin repeat and sterile alpha motif domain containing 6"
"1555889_a_at",0.0735320194170705,0.00033146751239539,-4.02846885501339,0.165609412630149,-0.728591141760425,"BQ876971","","CRTAP","cartilage associated protein"
"1558014_s_at",0.0695512847218704,0.000208017192283803,4.19432333130486,0.153305537239148,2.11677633455505,"BG261090","","FAR1","fatty acyl CoA reductase 1"
"1552633_at",0.0747018859110657,0.000352502726384179,-4.00645596456823,0.148545170758453,-0.923029048280625,"NM_033204","","ZNF101","zinc finger protein 101"
"244634_at",0.0727566434716532,0.000245263645185287,-4.13584815729831,0.144141455526581,-1.86680144256933,"AA007633","","",""
"208680_at",0.0735320194170705,0.000338830337218743,4.02061197260685,0.142913868408354,0.748015991529032,"L19184","","PRDX1","peroxiredoxin 1"
"215165_x_at",0.0758990777305976,0.000362316585051412,3.99662272719282,0.142688048831683,1.13380602545921,"AL080099","","UMPS","uridine monophosphate synthetase"
"207461_at",0.0727566434716532,0.000259427626330068,-4.11587790624692,0.13757038324207,-1.99079966085081,"NM_001272","","",""
"222916_s_at",0.0728014224655683,0.000299376311794895,4.06484042354142,0.117737622699056,1.48283535533865,"AF116718","","HDLBP","high density lipoprotein binding protein"
"203511_s_at",0.076986873535495,0.000374021853209785,3.98522984207162,0.107748094119803,0.817243845571408,"AF041432","","TRAPPC3","trafficking protein particle complex 3"
"201830_s_at",0.0782733999930198,0.000388294035321016,3.97180169677435,0.0994372992836192,1.54559272318917,"NM_005863","","NET1","neuroepithelial cell transforming 1"
