"","GSM452235","GSM452236","GSM452237","GSM452238","GSM452239","GSM452240","GSM452241","GSM452242","GSM452243","GSM452244","GSM452245","GSM452246","GSM452247","GSM452248","GSM452249","GSM452250","GSM452251","GSM452252","GSM452253","GSM452254","GSM452255","GSM452256","GSM452257","GSM452258","GSM452259","GSM452260"
"PDE4D",0.261918958972009,-0.68751322903151,-0.398852237605831,0.00464298090436044,0.071013086836063,-0.823028718100056,-0.856019449787207,-0.448646416843499,-0.421718446802585,-0.401139896012312,-0.813035645187936,-0.102147610975868,-0.724990364912378,-0.353669687219324,-0.755666774782143,-0.812281392280221,-0.350579014025262,-0.750641188695524,1.4491669850294,1.25706592809334,-0.669524245308166,2.65706099851944,0.156914919371127,0.237548393907047,0.524517244352694,2.74960482158434
"SEPT2",0.447276349726686,-0.531666612809437,0.0649202885763232,-0.579434749488238,-0.513202351058311,0.0987439175913639,0.00908263660912115,-0.166433333886553,1.4636133406254,-0.205943918830902,0.723621131598044,1.06722333984304,1.66038660203426,0.257130226477387,2.06984742894447,1.00230490340807,1.15734324630345,0.312440459144694,-0.703586959556258,-1.71186131454875,-0.830424421798965,-1.57640398644383,-0.917079412771803,-0.980727456632241,-0.188240975373539,-1.42892837768348
"D21S2088E",-0.472695145590637,-0.584985107883813,-0.712127222341534,-0.613885915662473,-0.571003080472977,-0.641889551595002,-0.639809894061968,-0.691819308809003,-0.681460107490805,0.659875462094264,0.887806587399986,-0.494560410914163,-0.652384318217891,-0.151672545971161,-0.697388371106822,0.0466898403101606,-0.415734628639064,-0.65811533322764,0.361877524503884,0.263040192263808,-0.0857238184287588,3.82132763443339,-0.46681075377631,0.949025372194773,1.06737289366228,1.17505000732747
"C1orf145",-0.662554628035964,0.228324751688075,-0.512801330634473,-0.947564254807667,-0.899204385047331,-1.11573782366488,-0.563962682112609,0.160769645385568,0.189856440700777,-0.0469551372141045,-0.329117535430305,-0.163111137660662,-0.628977814739703,0.036269967973004,-1.10853781764143,-1.05248565126088,-1.22773632418951,0.357221587829041,1.03648702096009,0.0627143713194373,0.530117322798929,2.41126142854962,2.74405943100469,-0.252870529964357,1.10379632335852,0.650738760836131
"LOC286058",-1.12753337090272,-0.501833528144793,0.686793657954759,-0.871536967346488,-1.38642217986728,0.602111394402026,0.0391696627733344,-0.673323924664907,-0.561674414070511,-0.536128010377048,-1.40047629897045,-0.676100864069491,-0.195586031995249,-0.949791263650528,-0.422651187324714,-0.761275926454384,0.698516514845353,-0.28793005841296,1.2778141318013,1.42961056039383,0.168498781105462,-0.108285100195707,1.31565532679641,0.659067428770133,2.76970324448329,0.813608423121338
"LARGE-AS1",-0.780686027546356,-0.294392353418644,-0.667079409135659,-0.316826210221982,-0.642823630581407,-0.0545619737838065,-0.51525624770529,-0.239146866418486,-0.521533784372768,-0.709108965412254,-0.435215829622052,-0.506000593118984,-0.628810533026281,-0.443939633971118,-0.0443375485136475,-0.662256245542558,-0.105897083639218,-0.583311171197345,1.7854597238767,-0.276422630872055,2.43594785843146,-0.12698123354759,1.69560502590076,-0.31909478880829,0.0903982506035406,2.86627190164332
"FLJ35934",-0.996423772261496,0.476123947612586,-0.444428401212373,-1.01450914340501,-0.38099563101514,0.0258682264431649,-0.610524556379229,-0.642464473526849,-0.927353849464238,-0.697819002721368,-0.973473988448948,-0.766459625556964,-1.02660800060039,0.535470966450557,-0.503057452873083,1.39839349628419,-0.871494522728593,-0.822961421890406,0.332826581099349,1.07911275238362,2.34266096712921,2.35931484495229,0.348236969378304,0.806181600895552,0.188245755735214,0.786137733720044
"TARDBP",0.942368134983758,-0.060436328487086,0.245246662425224,-0.156082485906027,0.633656553720998,-1.39353449004237,1.45578241087941,0.998833610031111,1.2304252757484,1.32427064971573,-0.0516506880110058,-1.07340430462048,0.514954911201784,-0.114528043530033,1.00072988957486,0.312680545768802,1.11925418220869,1.08005985753822,-0.165277395348384,-1.87888246446063,-0.340594578202586,-1.59281437087209,-0.933870871717762,-1.0620129850591,-0.840762181889739,-1.19441149564972
"HSP90B1 /// MIR3652",0.713749058890068,-0.805758011255782,-0.658588719193836,-0.461151304477937,-0.354214000360828,-0.261385152394615,0.670423963593508,0.397582745468747,3.79796035316869,0.42475674618179,0.405971382160854,0.425091427954577,-0.109293879035459,1.33071871274318,-0.00372337209366682,-0.26210093954093,1.01428249466638,-0.580156585550564,-0.762936018237024,-0.767150849336893,-0.588756827492562,-0.776056623348887,-0.583070476211053,-0.802141288872441,-0.439579444793896,-0.964473392631423
"MLEC",0.695190315782173,-0.677006970881948,-0.688966517247224,-0.586131301289884,0.247497005692242,-0.461386588507634,2.01449819692427,0.84846965660671,2.81515061445205,0.376029452762766,0.64237443206157,-0.0319021779041783,0.295403266895406,1.21599697284561,0.822919469096377,-0.0473254180255174,0.407788147949062,-0.473465948178937,-0.952035691838053,-1.12269068506624,-0.643353047036675,-0.798933347942874,-1.08466629858065,-0.938662893067591,-0.799635889600943,-1.07515475589989
"RPS20 /// SNORD54",-0.988434169337962,-0.998257042103304,-0.8748322068502,-1.13134867667166,0.0688171361949302,0.0240435651989812,-0.606844338446776,-0.0352936096089408,-1.17595641962688,-0.343977630124587,0.0935255142630652,-0.374119315174148,-0.863487617946433,-1.08871136102388,-0.380362253177941,-0.562558496982372,0.13624086663589,0.308428900452992,0.10652838357409,2.7931767535062,0.110108318335639,1.97598592340039,0.980159275070435,0.403194748432435,0.637617070474845,1.78635668153519
"EIF5B",0.90314094418799,-0.844247310763303,-0.0800686041035908,-0.80423855174143,-0.214537206491033,-1.00311288930334,2.05782339384827,1.11239778290292,0.573496532579772,0.520471615976875,0.0184700790006626,1.45852869359477,0.532118652526732,0.98816906489441,1.31807969448091,-0.202823615446607,0.729604853487601,0.567173855595565,-0.979162779042863,-1.09184904613584,0.00927605096497999,-1.28437218335873,-0.366956506842663,-1.2528348607172,-0.77561061129113,-1.88893704880373
"PSMD1",0.375129955508862,0.132874842032889,-0.862444398198991,-0.641935953500714,0.494036146196427,-0.82787018190665,1.38236379546572,1.55805786294983,1.65998406617623,1.92521012403723,0.576087854683835,-0.463768092005908,0.05909014924449,0.652224334635463,0.980485861309819,0.0446680984474417,0.367191096158211,-0.0510273412928324,0.369467154933358,-1.55012126897832,-0.783548039215021,-1.5030013830603,-1.44548146517896,-0.552891990513688,-0.575463257294949,-1.31931797063349
"RRBP1",0.297710792365193,-0.467816371682049,-0.182195651516514,-0.0569982745754195,-0.179556860493855,-0.00129326982913998,0.00519638847539046,-0.161691361464846,0.972471120709576,-0.565556433613684,4.15125474264205,0.792111648179974,0.0302459644991027,0.464396529595561,0.0682496055431421,0.0662673558275559,0.39433599665424,0.317293399428084,-0.847153313114522,-0.884622883056846,-0.475525681722411,-1.30115415211445,-0.461040107845392,-0.562384834068746,-0.557754955274444,-0.854789393547557
"MTHFD2",0.58536944016627,0.120413437890764,-0.543865880034512,0.499497534457929,1.1233109165407,0.215290319904484,1.3488164125141,0.74496076788557,-0.181563784763733,-0.0831724214019898,0.468318862579276,-0.143906611123061,0.133511585244042,-0.354507318728938,1.83223402765392,0.840359882067469,-0.113885318644158,1.43583158323927,-2.00175601805405,-2.25074079002117,-0.929626079724629,-1.04062158703732,-1.66305175959355,0.139651341815891,0.0365740033234489,-0.217442546156009
"CPQ",-0.688643980920746,0.617055093792881,-0.55593889395425,1.89541405405158,-0.803266306369837,0.777090478297085,-0.989807367365351,-0.534282774569127,-0.366757082226824,-0.604277394340626,-0.446735506810049,-1.01487682886752,-0.944492477482429,-0.492649228643331,-0.746907384615535,-0.711723553302624,-1.02337238902885,-0.91086953600734,0.175627594123147,0.475976176438575,0.601387293911351,1.46245855394185,1.11493968438911,0.196419824792998,0.838465844750298,2.67976610601556
"FEZ1",-0.445422512495828,0.0241230970533813,-0.650908490176871,-0.381361081437644,-0.675488756002466,-0.742969319027555,0.304434115391289,-0.929848002198136,-0.153598197836988,-0.469451022906682,-1.03248326736245,-0.755955714725621,-0.243660445963165,0.506902078533922,-0.965312738332308,-0.223305050170445,-1.00823755799468,-0.247513975843897,0.52427799508704,1.07782004640926,0.235981411873562,1.05920049066736,0.200791677644515,1.87737494852638,-0.31079769450797,3.42540796579601
"CXCL1",-1.0147479151991,-0.415921619993123,-0.823192104595707,-0.545584241151283,-0.865171239596855,1.31918587064097,-1.11954934201977,0.0521852551455573,1.60568845823731,-1.15359279787904,-0.64384452305726,-0.744676348975475,-0.155964499995713,-0.884827699306839,-0.573829393662414,-0.77213330563354,-0.395122496462633,-0.674271524982884,1.0838499635621,0.52772274761412,-0.466777865831038,1.11784366180607,2.24998352650899,1.50923354113445,0.846030579046756,0.937483314646363
"IRF4",0.417731359964122,-0.94761955159077,0.200444787823935,-0.648256199289013,-0.281763684984548,-0.72415688260679,0.75656937317769,1.22574442374973,1.40972117184588,1.794164902911,-0.170022498013546,-0.834772071976372,1.5544400135685,-0.401673984553859,1.65217660537183,-0.196531296544996,1.54084359253134,0.676508128722664,-0.71858600947376,-1.14546014515442,-0.678340040204975,-1.16938196419661,-0.500719548568842,-1.01107514641884,-0.645474985213504,-1.15451035087584
"CD52",-0.694043636126218,0.421174777251377,-0.809274084569542,-0.324625755423465,0.759717286598161,-0.259692474433296,-1.0602611658365,-1.07136442438182,-1.03891559660097,-1.03766276903249,-0.481460766768957,-0.815769787697125,-0.493490286454956,-0.612022024604803,-0.527197879375694,-0.639887047253565,-0.086469765983482,-0.351309201360719,0.107029748847223,2.4315473946669,0.462874341296179,0.223934592429468,0.874900234470169,2.33152306661639,1.05860275646677,1.63214246726096
"OLFM1",-0.239720995942585,-0.354146433460791,-0.444857634417264,-0.481300268530806,-0.320922018223965,-0.171284766423064,-0.54368717298563,-0.428619856308325,-0.363515442836288,-0.483220391582335,-0.573063621923326,-0.440990919070531,-0.450519846793226,-0.368978032999541,-0.213837384284723,-0.544713959063156,-0.348300039264263,-0.445871185872953,-0.237621102611102,4.0851129914505,-0.167005572029076,1.12112017137354,0.69067512497417,1.83539271192053,-0.102828684970788,-0.00729567012500766
"CD38",0.986188079779841,-0.988076417921176,-0.487194308657872,-0.653792310356511,-0.396872090000878,-1.13254410395269,1.10231208816553,0.4559782127381,2.14959160828627,0.0665262666105598,1.13514666846584,1.50575941516743,0.6157221154586,0.287669877216238,1.75362380083965,0.577552314724658,-0.00648201300761393,0.164047203747388,-1.32057424773539,-1.24701585328303,-0.291935451735001,-1.25009253961205,-0.676683979848678,-0.866412331953621,-0.432814627659056,-1.04962737547654
"TNK1",0.090529700262411,-0.691261099911904,-1.0532355320417,-1.39776949441564,-1.06586041802246,-0.995247114491241,-1.26945158150322,-0.634073753806922,-0.905531690148686,-0.00136921596296502,0.718592601273705,-0.564339340090176,0.665634912400853,-0.282357613730374,0.152830170965109,0.934799495632988,-1.39478950863846,-0.597251932621579,2.26011040523828,0.694716094647307,1.1099549115748,0.978254188386898,0.221621609151748,1.50243872189956,0.175109112251666,1.3479463717
"EGR3",-0.707619973877553,0.822579994864582,0.291356326352583,-0.514927413834509,-0.577897539069897,0.180409800884774,-0.618245479165389,-0.30281093773177,-0.340732595674351,-0.55735937716278,-0.748771946631923,-0.663187253684638,-0.283843542012203,-0.622769968727354,-0.592210423611639,-0.543734425170402,-0.638564311680097,-0.753360264987129,1.92240526307393,-0.255525096748023,-0.203122445507841,0.706125280943105,-0.12683784413855,0.295482870969041,3.64762137006899,1.18553993225905
"ZNF365",-0.401029942245148,0.805155598769159,-0.140035665724828,-0.189234404199414,-0.714868288956954,-0.692215156144786,-1.11591656309936,-1.2171296836749,0.410903705793859,-0.750972960598557,0.263651722662981,-0.511466722976045,-0.944766915020517,-0.763590398102938,-1.04777622204736,-0.884954347515488,-0.727847611692311,-0.0197926778813983,0.767267980379822,2.70331866022311,0.464347975880622,0.539403855431867,1.40654265413275,1.90739181380298,-0.30935382147617,1.16296741427902
"ZNF165",-1.03686613614323,-0.863067649224386,-0.944932891944747,-1.048909322296,-1.03311228601117,0.106352767030761,-1.06105798486477,-0.456087453170362,0.187569607362147,-0.37934503343413,0.217846890148707,-0.2270848306655,-0.0977052382256359,-0.824811908274854,0.345984081435723,-1.04844189523134,-0.216086416170316,-0.851489669580152,0.549642386589327,2.71595032704292,0.094084194431146,1.73173323503799,1.14741609587734,0.678334716908,1.73813953946331,0.575944873909225
"CASP7",0.864150402946948,-0.140531990471587,1.15101885034007,0.960125696174337,0.272239366156889,-0.0338454406760186,0.413281054206649,0.805999234475947,0.0884439409528862,0.232414488220509,0.082099347218609,0.23382946955693,1.75319991295899,0.54208239295371,1.05922003428308,1.0685847763537,-0.248831314693614,-0.0463216202014558,-1.81176948988969,-2.01536704637705,-0.35959544511457,-1.66809563225712,-1.50256563817542,-0.424517223206083,0.301870292529803,-1.57711841826645
"CYP7A1",-0.603349247284414,-0.410885100583191,-0.00441119729935695,-0.596864017004524,-0.667499130340102,-0.536392527909639,-0.61137007912352,0.349828943210313,-0.4050860869201,-0.523549702503522,-0.605569644133551,-0.629571591125859,-0.632797434608641,-0.670591369096333,-0.673307240495214,-0.17043354728914,-0.569598987765225,-0.565510683132746,-0.609343266995195,1.52712252439171,1.31836371782796,2.85073886503093,2.01163295859671,-0.32991210833165,1.72587803238664,0.0324779204976673
"ABCF2",0.172465575127725,0.244950715068282,-0.600400213236601,-0.653251461066156,-1.24221402989905,-0.167262307857225,-0.572373916138089,-0.613445602908146,-0.979378460783755,0.046076265698663,-0.51925363134053,-0.69770256183718,-1.07621628512303,-0.108616119867936,-1.44268915245241,0.0210306659435013,-0.0846737652333651,-0.483541393235237,1.32473736046315,2.62778597894596,1.31945339699085,0.695326341577446,-0.489065360909212,0.386649969942732,0.676551819349852,2.21505617277976
"CD160",-0.883761597923445,0.477335989575624,1.31633514018072,-0.349174849420803,-0.233782184493752,-0.860589396657551,-0.676999566909178,-0.775289449861586,-0.944845679110055,-0.752095852287967,-1.23470145985711,-1.06657165112363,-0.615283105960926,1.17181496833773,-0.864084126919259,-0.795813263704662,-0.847704064672208,-0.129479939070692,-0.0543788989568531,1.59581846641634,0.422758763304861,1.22509177457233,0.465016471061223,1.35415905750302,0.708088036284376,2.34813641969346
"PDIA6",1.19018157606096,-0.961000040136342,-0.676294381181925,-0.95739767290405,-0.167101806856316,-0.882840648953648,1.16142365697004,0.460125923162766,1.97185458629011,0.388010779886449,0.637814833852217,0.0463734809494141,1.18206833994808,-0.0410754525848093,2.04881733164502,1.0393861221245,0.345760933332054,0.273442394164328,-1.00104982113199,-1.40763255817317,-0.164457660267997,-1.3732191033239,-0.602935133036489,-1.07191294969897,-0.440092992442737,-0.998249737693594
"PDIA4",1.22122140889727,-0.958132670594101,-0.698055835302113,-0.636499130974198,-0.292321735034172,-0.62857006181616,0.901220819825833,0.557084307772882,2.61461642845308,0.140126378035555,2.00484527740046,1.05682008416464,0.892154216633293,-0.553019043435888,0.91060006450777,-0.0127240461310847,0.00126786298673907,0.25345410807323,-1.14601096624598,-1.1532353895856,-0.433741505361516,-0.739201860241412,-0.851812919788006,-0.836993713190545,-0.770629544729504,-0.842462534320475
"KPNB1",-0.0835036429710842,-0.14567143181261,0.815012100320271,0.31975913188902,0.416775573448306,-0.31530237371818,1.2029004695696,0.779512991980516,-0.810772160690096,0.454541421076829,2.05156765928447,0.403589064020601,-0.0367102597403355,2.04474773064175,-0.144784446873527,0.00584530655923734,1.09062788705808,0.134793205925521,-0.80740161792158,-1.25219499870721,-0.479059504249376,-1.79705210708728,-1.46177771334673,0.00600299277062978,-0.66859833034326,-1.72284694708357
"SORBS3",-0.469573272762324,0.399281506714127,-0.84697554342965,-0.35327612566302,-0.152180080854329,-0.242460144562723,-0.443349722891232,-0.809590115744503,-0.54632574496475,-0.115316009867741,-0.588643299293785,-0.179450957898632,-0.613794146223152,-0.596942329041861,-0.0427874496788591,-0.460950125243684,-0.285322124470784,-0.609253037103183,0.0356813472303275,0.660755732369624,0.0991438373955993,3.64660706900047,0.119306038923934,-0.192659045410128,-0.0490275818452371,2.63710132531549
"KLHDC10",1.84572709634014,-0.164258367848897,-0.2862785264478,0.286776839479412,-0.140745708869576,-0.0335196948781752,0.834283324331508,1.81683556748829,0.89101523493559,0.975497428969092,0.501562231256658,0.512265912008006,-0.53512108425206,1.37583431004502,1.08154315493151,0.210430523996808,-0.222365779514741,-0.46415063536455,-0.754738749410036,-1.87154950668249,-0.339811946591673,-1.78786318116725,-1.33818845851357,-1.11558853887016,-0.298985393243241,-0.978606052127819
"VWA5A",1.7583267704928,1.88064552004721,-0.905346429590087,-0.193425317364635,0.0971941687736397,-0.229811063622718,0.760834194618174,-0.0723060979066409,0.871374225031351,-0.152707934647257,0.899429901175403,0.995642210992449,0.401041806252994,1.00265613002846,0.179078757994554,1.39541893590497,-0.661225394828327,-0.0539133030948626,-0.6314037438201,-1.47494329587527,-0.238574297382678,-1.58640296602903,-1.48654041948802,-0.142828471492018,-1.66014074667843,-0.752073139491937
"DDX52",0.456841532793458,0.704579807639439,1.83486380677188,0.227003894481331,0.441601486305052,-0.762362186278994,0.432149390090957,1.34988958620669,0.136263770826015,1.16315817433267,0.802554869137643,-0.0593362745328327,0.651368006730458,0.546368053971902,0.684928782917789,0.120346907571662,-0.394080511566833,0.297696238759096,-1.63712218390614,-2.15649036543605,0.470541237676604,-0.956818644688482,-1.63245914977385,-1.54392218138424,-1.04293774352802,-0.134626305117207
"ELK1",-0.783765329466888,-0.749374348890669,-0.460531676538447,-0.490772021527881,-0.651367902088839,-0.620329693325895,0.367063785639233,-0.849060814858578,-0.721898187684871,-0.687127894822885,-0.38352256270506,-0.690775687302867,1.01401068174249,0.0961272691220174,-0.803524447617424,-0.575685654603749,-0.643055004485054,-0.576593969464302,0.797904410119609,0.601039880502695,-0.336484932662382,1.40907678045105,2.96685856585688,1.87284054869299,1.3206723117031,-0.421724105784272
"TP53TG1",-0.506037022612868,-0.557302734039238,-0.946667710873423,-0.101198251293335,0.460264923100771,0.360838900704296,-1.43162049318501,-0.678036060189373,-0.851481382402052,-1.13337144842975,-0.427845747884625,-0.97517741537378,0.0224131329120615,-0.736390501161938,-0.852460889555313,-0.686082530063201,-0.179123487041679,-0.170489312875894,0.291572024483546,2.36012183463877,0.164236094559576,1.13682623434353,1.55327397933135,2.19404095509691,1.0708485673288,0.618848340481868
"POMZP3",-0.205951349058232,-0.490944022590038,-0.631969328367291,0.318545960376705,-0.136473971608858,-0.336128335308352,-0.812780824649742,-0.53715119927899,-0.838205594515513,-0.912127393761184,-0.411017056181605,-0.369543380950803,-0.555041385445882,0.372388827444299,-0.628718250199734,-0.496275619900301,-0.514728300975728,-0.469329977724871,-0.645761133909466,0.95425064928558,1.46589317001332,0.735618134583446,1.3813338088265,3.68650914588913,0.356866816044225,-0.279259388036615
"HLA-DQB1 /// LOC101060835",-0.807472426109902,-1.1321752409892,-0.143512934384615,-0.435852259663676,-0.391133156693983,1.08936820356107,-0.166445452085064,-0.422212023099786,-0.34951205864799,0.179582801275735,-0.766310741217116,-1.10769805491326,-0.914810408678948,-0.690502370034378,-0.31861869113801,-0.668616967596331,-0.661566275920513,0.0410549996902999,0.265780844259107,-0.262866737953193,0.266786352292541,0.137762335257595,1.59298903754812,0.364830320090487,2.86032789561885,2.44082300953216
"ZFP36L1",-1.01628010819277,0.904314043102827,0.393866697926389,-0.128005687401097,-0.406172985925835,0.0517391309577951,-1.18873210889193,-0.24369045530608,-0.298682815596439,-0.599874812940865,-1.47543451110156,-0.606585153116916,-0.696326598408168,-0.453756531969772,-0.568805189560669,-0.648106942050145,-0.725450472592334,-0.729267134476854,1.00368445236418,0.301281465348632,0.362747183541167,1.85045953517489,3.14649064549715,0.199191996313344,0.892277838140206,0.679118519164877
"CD44",-0.909611546229192,-0.352327571789974,-1.17901950857509,-1.11949176807245,-0.228584589608334,0.950116364086354,-1.2535730987132,-0.378760849100207,-0.755969590378865,-0.805593662982611,-0.310257542435331,0.189401887467578,-0.724496368194814,-0.459999121366992,-0.998650572333308,0.159126973854924,-0.499014638676897,-0.404477490892252,-0.0728397196964371,2.19828397055234,0.979615901564575,1.12551584419382,0.177242579904871,1.10594347086099,2.29797854444329,1.26944210211723
"TXLNA",1.22885944898085,1.32017306893493,0.540393011611547,0.277345353159493,0.97438943156528,0.248672675140837,1.48727598668551,0.781694537858441,0.392579718539247,-0.134280740053561,0.173890142724201,-1.12470229074532,1.13229051374386,0.0968323205490629,1.44944174371005,0.421916861708616,-0.269912172029451,0.0794756854001292,-0.759844476488681,-2.06239551143185,-0.25567650955811,-1.4834470256154,-1.04893916884869,-1.43576057663255,-1.24688937783845,-0.783382651070008
"STARD13",-0.746131926075115,0.284345719231477,-0.429627521864702,0.644471541706996,-0.874836828266936,-0.656766577849884,0.117420751324301,-0.869698709950357,-0.800156147320255,-0.356157243024054,-0.635937203561766,-0.186689064015345,-0.46969200983687,-0.604515473877403,-0.781011353282802,-0.811857295220112,0.347076279041958,0.0062325126983907,0.421411725023688,0.621511336809042,-0.188412267799094,4.04826843909057,-0.0334071164098526,1.08972957318174,0.253928201407298,0.610500658839086
"STIP1",0.754852355335783,0.612802956483315,-0.258648133516037,-0.789843869004667,1.45817076817753,-0.413109668111847,0.709075190930489,1.30256076055247,0.0436213407549569,0.414192608913353,0.65814876951612,-0.0826190302958241,0.44352450224254,-0.489275536708923,2.51500859023401,0.304791117066074,0.0947769175859602,1.00145054309504,-0.626919759669856,-0.402897424368193,-0.87981298152136,-2.0392989504996,-0.933246632788315,-0.825357566690822,-1.4276750556645,-1.1442718120477
"HLA-DPA1",-0.705678877125643,0.83082727482757,0.28609624698963,-0.57690060527331,-0.936969334931291,1.27068138802729,-1.15436714187214,-0.41234839299891,-0.519813909799465,-0.495594964628989,-1.11586298629735,-0.763420532679983,-0.732886272901874,-0.481809564778956,-0.759921858800074,-0.700588098375978,-0.361043880874807,-0.670951415051584,-0.0142065943692071,2.07929156308145,-0.151612845914672,2.40768792267836,1.24127586708425,1.16211837055131,1.26692239615037,0.0090762472839955
"ARL4C",0.137861921833825,0.723665122615885,-0.728339273327391,0.37750461790791,-0.107019580701218,-0.641353056928755,-0.668978295361311,-0.197937999794333,-0.866545321147131,-0.773457031099358,-0.539994887509698,-0.572150557653102,-0.840607377673288,-0.821966589059648,-0.692639664200937,-0.868740663302714,-0.697605859970891,-0.567886540935735,1.36014224502621,1.53752506510437,1.70456107031943,-0.706162118249896,0.86123714405579,2.84967053881099,-0.233356737299753,0.972573828540757
"RYR2",-0.973187567384605,-0.999493979170411,0.519177484816181,-0.794694341981128,-1.01543160273859,0.829709588792133,-0.876003046535573,-0.595131017010475,-0.683935707706038,-0.631083071912894,-0.49164215425516,-0.742244689611797,-0.378365491653972,-0.782701258613528,1.17817899729825,-0.881110799625134,-0.995022840998837,0.299007614830285,0.730051540853989,1.03362414582359,-0.503883702862595,1.65224078574129,1.35167201426821,2.34974822967056,0.0923364533966665,1.30818441656958
"IFI44",0.808700433188999,0.307911879355201,1.90119417798608,2.12635633029954,-0.655800750605521,-0.406989008712634,1.20250496488481,-0.76802575638185,-0.0261752277580465,-0.0777007063339645,-0.967353024428317,-0.157495380404989,0.229767230772447,2.18153560297502,-0.381482267737383,0.131892094052086,0.572130065158321,0.675104222816345,-1.07490257011164,-1.19121307623305,-0.25870082244794,-1.17692534494935,-0.874427964172769,-1.20424920849335,-0.236561622913491,-0.679094269804544
"PDIA6",1.37208781919226,-0.868585246253111,-0.552428248730419,-0.897427013931798,-0.198691236039244,-0.755516015770573,0.97984132786789,0.195167616212114,2.72648390707376,0.530161739953023,0.420007410169548,-0.0810895802447429,1.10056830456249,-0.241406536850276,1.88047851596161,0.745629443974584,0.182903862163796,0.0372233732845607,-0.949377567001954,-1.13177573550185,-0.179486197199577,-1.24948195593614,-0.512685940084995,-1.00893164758207,-0.546314444606963,-0.997355954681933
"METTL9",-0.655056486804277,-0.0215299864651975,-1.19794773264861,-0.245071246007323,-0.640530968520816,-0.339710967015143,-0.899552796267319,0.179688237701233,-0.763674531913647,-0.216231625374322,-0.158776236273648,-0.239499814336954,-0.889131234348193,-0.332808858584218,-0.136801415377351,0.123464035509859,-1.10528537243452,-0.630979942800185,-0.100723908065434,0.885332443969925,0.426311142734885,2.18692085926552,0.164777196244153,0.758719172014522,0.395083765671726,3.45301627012534
"CAMK2N1",0.242227318373053,0.153928823048398,0.892699627724315,-1.04641327604559,-0.773521332235077,-0.619782234507871,-1.37725555310601,-1.3156262537352,-0.545766200283914,-0.546596614399335,-0.0856340697710524,-1.00873695753395,-1.13336855172538,-0.12093824915617,-1.00338062106835,0.167609151204846,-0.487878727066652,0.0677477182969288,0.886013305304924,0.345287996100145,-0.0331922604342053,2.68420063273818,1.43431159423162,1.69164071732921,0.682287247936659,0.850136768780492
"CRELD2",0.972396884120239,-0.724616517534579,-0.453820757537714,-1.08472877235538,-0.123560584681605,-0.785255095891199,1.67224870026288,0.422672270131596,2.06019052161048,0.320175613913032,1.42195473049506,0.414539176136685,0.527326685981463,-0.527319829195433,1.83135119888896,0.440217130495525,0.477974850311659,0.335488945085613,-1.10898051522003,-1.21447528930807,-0.291613789926424,-1.53336941720031,-0.684356780140267,-1.01304934984543,-0.728372617633514,-0.623017390963224
"PITPNC1",-1.19361434303094,-0.349915379647825,-0.404577679661762,-0.323996379405019,0.795588231332169,-0.607846551428972,-1.1171113312931,-0.832867371220623,-0.828638991355359,-0.763533238628395,-0.770242160422253,-0.425977800659246,-0.321462579256749,-0.255406248002824,-1.27620977232274,0.17193447891452,-0.0851897501442481,-0.109623975777877,0.467824236356364,1.1095212280464,0.446004505143242,2.53782598551126,0.678113509808269,2.65572031725079,-0.0589479728124908,0.862629032707397
"SLAMF7",1.23303374767261,1.59089106389059,0.410964043639352,0.597442030367883,-0.600172916971861,-0.513405292603636,1.26929797058458,0.122233371016356,2.25073235865537,0.353277855948086,-0.0962692252305261,-0.510364615876702,-0.33487206691935,2.13653364115438,0.48521866936289,-0.586702935746844,-0.245713791727811,-1.0227908694655,-0.867900530397887,-1.21244603836073,-0.659202491530608,-0.898451747868032,-1.07496194849005,-0.820311411742854,0.0213999083447956,-1.0274587777045
"C1GALT1C1",0.615120946406908,-0.0503707303149574,-0.747879970446975,-0.11392652796977,-0.273555326412898,-0.655410062622985,0.55009872647462,0.316137348376282,3.03265821367511,0.0938139199315962,1.60855907666744,0.202885677750168,1.04301159306196,-0.142016029489841,1.20012188233048,0.952459001899937,-0.531950305616547,-0.460688682309735,-0.999840564920647,-1.25386877418444,-0.764022801833925,-1.3082056096267,-1.11813737811913,-0.708388121744426,0.312233659155633,-0.798839160117154
"DERL1",0.758301828332221,-0.837381047900789,-0.230320132761511,-0.382370410330264,0.213773742871141,-0.803676556228899,0.891987686374375,0.339793608085811,2.00951638972857,-0.180814638995841,1.99361026326057,-0.185901041409857,0.589577207714658,-0.301044577138276,2.12727186183175,0.338621066988781,0.420553386955095,0.320709490920346,-1.25212905014638,-1.55713286625311,-0.410462877717056,-1.28371488135329,0.0447175761502804,-1.09664201418977,-0.372981995063694,-1.15386201972487
"COA7",0.0845430287911402,0.321803505146849,0.126380614933316,1.10785738589587,0.88291537763713,-0.773667691504226,2.19312572658553,0.256255693254732,0.0996190255263273,0.459725142445367,0.376524626729889,0.200494847758921,0.499460678068244,-0.178597531915077,2.38533903428573,-0.422118954441171,-0.0168978607853504,0.865466098057573,-1.22021329015396,-1.25063877621878,-0.366448519720383,-0.874566116430575,-1.0705450329105,-1.40844626348374,-1.59437150178105,-0.682999245771798
"MMP28",-0.681938242442976,-0.365608309598055,-0.569496714228198,-0.278720534827026,1.19200451669631,-0.357454789247418,-0.238440977232763,-0.605382548185236,-0.382558560671816,-0.505291056984321,-0.533731565103937,-0.522712111526605,-0.47132026586826,-0.286965563457459,-0.633462328013476,-0.591749140702389,-0.426884375681464,-0.484062462278298,0.429932845992932,0.558435668760484,1.24102112570079,4.03874752877363,1.03819103421961,-0.143493842804802,-0.0356095595446261,-0.383449771744624
"LTBP3",-0.162996208275835,-0.712106585030791,-0.768773335489472,-1.2445228838924,-0.980180980980028,-0.699673915182503,-0.141126997907112,-0.636242120068124,-0.933721973463909,-0.941441915574519,-1.2176717375483,-0.407563974339965,-0.0916876968418296,1.00235874540581,-0.719218433239765,0.860565183029599,-0.162394448685675,-0.764644947985398,2.2332263155215,1.30941449417449,1.05908250466777,0.654715895858683,1.70803271531968,0.288355155901829,-0.222950466390235,1.6911676110165
"PRRC1",1.22822150952272,-0.738275835420291,-0.275307143082813,-0.591950727953708,-0.202610118451923,-0.793357238816339,1.4052249848375,0.914482826250801,1.61947078834435,0.420854387229215,2.32311802662298,0.56538255236053,-0.0645155655157841,1.17490911671579,1.02417079335845,-0.670113064246783,0.0922187726804772,-0.0926055915546415,-0.63919262126533,-0.790042671607247,-0.993535683906837,-0.637823965704272,-0.528722565265648,-1.61547604730671,-0.947319816736907,-1.18720510108757
"FAM134A",-0.929635738967831,-0.890821981028391,0.175167022817068,-0.177627709923115,-0.477374048554155,-0.0920931461444882,-0.984741330496021,-0.424998387250293,-0.856619855217901,-1.13034410896063,0.298520869953417,-0.550906669096548,-0.895852852441792,-0.639356408364723,-0.760896801852056,-0.895755354933781,-0.0324636702445586,-0.234390759087502,1.10592698305036,3.07884755617106,0.61092238512437,0.727119915172663,0.180597634013317,1.62488671869481,0.765953172613706,1.40593656495303
"ETNK1",0.719991458589859,0.548880335753628,-0.723246443842951,-0.236523104487798,0.350508506748832,-0.279450855363887,1.09849680918943,0.176809189094468,1.46514967884614,0.379559179427135,1.85509630186605,0.730755446384901,1.13170794456604,-0.147073156474173,1.01015954306023,0.514846783332003,-0.1859009164935,-0.137039668524997,-1.20679380208015,-1.88349789770729,-0.42126216153465,-2.31527023276298,-1.17081547523443,-0.962719774109173,0.272064433896429,-0.584432122139168
"PI4K2B /// SEPSECS-AS1",0.858237509647278,-0.818627023744659,1.39983681062165,0.0215823088125128,0.836492939975543,-1.32361457018487,1.62508340669035,1.03569222816526,0.397270823044442,0.782061552573323,0.814685403403213,-0.216439571754444,0.531866071224892,0.235746730376697,1.45710870487288,0.642897705938675,0.0616782318462046,0.363415619491827,-1.41248185588962,-1.62086731524375,-0.543601594595396,-1.42531311096619,-1.54402670755242,-0.891374782897395,-0.481537219576747,-0.785772294279258
"COLGALT1",0.475833367335664,0.0321170572421203,0.956550083301941,0.949316173104421,-1.12607873206298,-0.426788474194634,-0.445768781899956,-0.492047896519853,-0.893827925701487,-0.942542887936725,-1.05265006589709,-1.01778500683094,-0.649019767662873,-0.88442185237313,-0.768832027206666,0.155108456136818,-1.03561405812656,-0.663159226247021,1.39768925069788,0.0650477667313805,0.378573593985377,2.39987437343366,0.846285192168768,1.02461053137764,2.04234806352019,-0.324817206375948
"FNDC3B /// LOC101928615",1.69848133719916,0.260794170092568,0.0689239837282332,0.805260690078006,-1.07553632881521,-0.662766977760596,0.738336103075216,1.26434894864283,2.0312385854101,0.0549959852186819,1.48498026720792,0.209977294893926,0.649836048885217,0.64122802858621,0.12199446080773,-0.363806368903858,-0.299866880785874,0.125725834413737,-1.0541769857428,-1.66244629996165,-0.295847341693462,-1.2664330330556,-1.46580475813973,-1.53196459827475,-0.321423875826519,-0.156048289279491
"POLR1A",0.873710624718221,0.819528091110275,-0.558101707113075,0.698528929332496,0.317429963486515,2.42120619374409,0.218067612190889,-0.499371638298789,-0.336639328490126,-0.278127216277931,2.03414851604773,1.39840604954521,-1.04968619932072,-0.0805846511895459,0.520739143081071,0.465766055018082,0.541747943014826,0.254226243059818,-1.14590369544075,-1.21285479175153,-0.3883947860375,-0.928435833323578,-1.29654089150524,-0.979914227393717,-0.594027604661128,-1.21492279354561
"MANEA",1.37793953871127,-0.409674077310766,-0.770257731404814,-0.90110503281886,0.0231084653408782,-1.06091016155573,1.52555145979655,1.06316992638763,1.71869986272389,1.16770454659585,1.92733055845356,0.470673849775459,0.472838817216445,0.0225699990799151,0.542362028064925,0.0466899568519246,-0.242888316376353,-0.0781953573015609,-0.865760551545124,-1.04012369852299,0.438005046210839,-1.34662924154049,-0.952731179488524,-1.19678129767258,-0.788065976406564,-1.14352143326476
"RP9P",-0.130571932854764,-0.916499897486532,-0.636735917264172,-0.495636461008729,0.219142782152341,-0.683944384474093,-0.84327661370601,-0.774699180731994,-0.609591292111696,-1.02576991886638,0.206636969918477,-0.687557823990264,-0.501207586084874,-0.384496411631297,-0.557775933011885,-0.76494971184874,-0.00370222089346052,-0.235390898011185,2.06563959410318,1.6378122512802,0.806243915832318,3.08273029047835,0.842417269910644,-0.155427721656026,0.714369050721695,-0.167758218765116
"MRPL27",0.578509062647429,0.882025435567418,-0.27507626996981,0.161684409954567,1.39392446812665,-1.30375080008259,0.752048174692302,0.899758709790094,0.779430545428446,0.54676568595439,0.441682500749878,-1.08754354642205,0.627062337301862,-0.0615723950019377,1.69099945724806,1.08732646599732,0.239047765628652,0.730714103884469,-1.2950287881688,-1.84182328505998,-0.490723564532143,-1.83584544356124,-1.5287208573793,-0.511786926636869,-0.345797991571789,-0.233309254585033
"CCNY",-1.49187050910997,-0.369404964982373,-0.604301345543667,-0.331087553400849,-0.631796035797942,1.01945255375638,-1.17651355636449,-0.83908249270071,-0.221081136366728,-0.724784783692284,-1.12780209171953,-0.68644893476608,-0.457830470068377,-1.00441016244762,-0.583637691493388,-0.296439173410676,-0.0882999893164508,-0.375470851382143,1.17911995868649,2.20031838715835,0.881771682357354,1.36971600931755,1.48951265637683,0.287010598992703,1.28766982549088,1.29569007042674
"FAM210B",0.193920233120194,0.495771964099247,-0.381112588888455,-0.297543261887285,-1.145455775294,0.968485890361855,-1.22188569852326,-0.721606264293476,-0.698781521363936,-0.587257378538195,-1.21064600393072,-0.257306411077796,-0.624700003597026,-0.0940733939673893,-1.32294876247125,-0.227028306426835,-0.91092918700835,-0.391517155335291,1.08287960884614,2.37478517529408,1.22442441080424,1.20792906013686,-0.219650294613297,0.356946037983922,0.248040304457114,2.15925932211291
"TRIM25",1.01951837539646,1.5755516753404,1.30419049492538,2.07095988392838,-0.620610150076171,1.2253165354294,1.2101449274071,0.174161283652621,0.3069537476699,-0.12265630105857,-0.953383627923768,-0.853459573469623,-0.159869679226474,1.12562762045269,0.541643393060667,-0.299624316466924,0.0103815258916839,-0.0139605217505627,-0.227640966005328,-1.56485463788234,-0.546541214684287,-0.845771534903068,-0.915791981900862,-1.46644978892153,-0.645851861805994,-1.3279833070792
"PNPT1",1.15259640046207,-0.0634048506275341,2.37837670992909,1.27901448600532,-0.252250135406694,-1.07893239788956,0.836202364103407,-0.0175557414391923,-0.329848106325901,-0.207221961930848,-0.137971674300604,-0.249369342686655,0.823316981216803,1.27636824634599,1.25041705514147,0.189001306514319,-0.0302727272565661,0.627203558646063,-1.23647687742562,-1.58894397168573,-0.108090215783876,-1.83871591753035,-1.19826878525358,-0.885101357024983,-0.10182343913611,-0.488249606660727
"GPSM1",-0.49626493712475,-0.305625869437098,-0.0737298731911969,-0.189788215013839,-0.300875282787232,1.54085398607021,-0.280107436992708,-0.769789545969966,-0.461407943148594,-0.749625686742173,-1.05042261210056,-1.26872426454449,-0.692792873838031,-0.540355956496122,-1.16066177565527,-0.632417447417485,-0.456599280867312,-0.279607986562527,0.983165312704285,1.65517005895036,-0.0796535875956751,2.65978556144475,1.03544499610538,0.499534684520622,-0.312653020838489,1.72714899652791
"GLTP",-1.07402867792644,-0.306577494930739,-0.775986398057707,0.471294746801629,-0.270735886357736,0.753859191890978,-1.00606970800108,-0.761396915826371,-1.17642326768049,-1.20754464915687,-0.149697851686754,-0.379900747550054,-0.21562386097332,-0.789380021089753,-0.314094324183418,-0.286811650736761,-0.551438207836763,-0.44030872081704,-0.627477769208752,1.19724961558197,-0.16030683115474,2.47065174209436,1.50255246916067,1.53012556555573,0.792126686268254,1.77594296582118
"FAM101B",-1.49696296337078,-0.339361378842211,-1.13911020964665,-1.47559231922044,-0.757339786836326,0.443317568493343,-0.714629663468121,-0.114364732256075,-0.360029395424039,-0.334275828497539,-0.771661489896112,-0.758827204068055,-0.689428565799121,-1.44724356337153,-0.407371761028199,-0.34747842716393,-0.00017358649451592,1.17546682758532,1.55104676153597,1.22195924048563,1.223220003663,1.61463738966197,1.25374747160943,0.888777780578442,1.26029210742904,0.521385724341495
"MIB2",-0.546706229927796,-1.07632867650447,-0.305536250701394,-0.432889372769078,-0.24963106602277,-0.532945501172009,-0.311509178918049,-0.63589228594377,-0.893177126953606,-1.00735531615843,-1.05557672012937,-0.454752698922344,-0.461185504288587,-0.258313984585204,-1.06352602514366,-0.196465982693766,-0.511005528827144,0.308555773744009,0.388965840822038,1.20649875667984,0.566311441359374,2.35005993531872,1.34317534048259,2.61618646200216,0.0406526978338955,1.17239120141882
"CD82",-0.731508251974516,-0.53651751306444,-0.746011094270235,0.188440346286116,-0.888489034095511,-0.152597069303014,-1.73397904115151,-0.00127001975199749,-0.581606757634112,-0.872318195226831,-1.43906851916291,-0.935479018946,-0.397312531630875,0.0758360311294871,-0.331116342055097,0.76979048906285,-1.19105100547985,0.632040155803379,0.0891993990221657,1.34204908075149,0.711876096424914,0.820135862368249,1.82539472721226,0.941584438423371,0.90264350680287,2.23933426045974
"VSIG2",-0.715315828711685,-0.866149508626776,0.108076936227737,0.197351927818492,-0.988298627005182,-0.64837752901918,-1.03902057451076,-0.0919699596257684,0.7818526244901,-0.62387320185317,-0.325428584523732,-0.761922140248607,-0.531770235774013,-0.515800075274782,-0.156058752029197,-0.713969310909592,-0.714591608849045,-0.921909413729842,2.36850421968915,-0.697734296962083,0.412708644950586,1.42831754389872,0.996211655191007,1.94224089756407,0.0784406249013004,1.99848457292226
"LOC100996740",-0.494777379452188,-0.33505974469288,0.224350588863448,-0.364128985577517,-0.441673713746311,-0.572199046229421,-0.788926208252821,-0.743768028045506,-0.598839162254565,-0.23189684509842,-0.946455490440472,-0.213539295774806,-0.995155698526607,-0.492498068460681,-1.06868755523148,-0.522717665831643,0.150642165814162,-0.183137781564147,0.0113687735397062,2.36843316253128,0.14116108816874,2.64257648946045,1.01256950279722,0.489596042133286,-0.23178448469743,2.1845473405686
"NFKBID",-1.14337601598999,-0.0381290606269985,-0.0481992915852668,-0.920392097701593,-0.578339919485744,1.15338457712462,-0.865144333843974,-0.867156750548417,-0.599550954499301,-0.382897594022044,-0.843152774456791,-1.00420803132626,0.43117955074693,-0.504954333492771,-0.785921924664509,-0.606820096943449,0.0336661458489409,-0.80916655971624,0.153596404510519,1.68935551026275,-0.56232857815954,2.18398635288125,1.8366774489257,1.11369026868717,1.63869475290149,0.325507305173514
"ARHGAP24",-0.545784356980402,-0.736442005230482,-0.224598424485744,-0.466780764219164,-0.668665211152358,0.152986866897684,-0.672545852775329,-0.567670440067305,-0.429447432893494,-0.435739134409953,-0.594488117146299,-0.402577208196044,-0.444036403364147,-0.593126258034648,-0.585590929548065,-0.432388347939745,0.0319609436572239,-0.216223209897507,-0.251069287282928,3.30053666479059,-0.278322233801466,1.38364333319961,2.5979312163525,-0.124472440692496,0.290635353443043,0.912273679776924
"RP6-91H8.2",-0.7682144394012,-0.924307150139494,0.69166846835169,-0.642040618268978,-0.921445498647218,0.680184432933819,0.414197159270104,0.409960826204845,-0.245411808360844,-0.750480536708135,-0.638269601305465,-0.86371057392048,-0.0721645007161199,-0.566607518959364,-1.09878537624716,-1.07860579934473,-0.989937987217986,-1.1245257782997,0.38678859473945,1.67811308397527,0.94859611407464,1.23330661881594,0.986816685283898,2.78161830062502,0.0299158141094072,0.443341089152792
"FAM213B",-0.813629956162206,-0.221584653925702,-1.16442819100568,-0.588913907527632,0.637222334844965,0.192851701184445,-0.789788671484081,-0.109758149623672,-0.542771999931675,-0.913494357905574,-0.790639435190249,0.0166291838014746,-0.505553990002175,-0.732663122511995,-1.018086883092,-0.161749265000636,-0.467775437903699,-0.44820621425304,0.62115235372845,2.35017618370339,1.13917292148437,2.20811688726988,-0.18402169496914,1.798406997194,-0.757184354791541,1.24652172206973
"STARD10",-0.396850271774517,-0.100071438770846,-0.657886128840694,-0.493421225750339,-0.423088792312241,-0.0990520503847572,-0.856361047612192,-1.58504400939764,-1.44273739069964,-0.873889162650888,-0.498292829195437,-0.128544565954917,0.0304451484617346,-0.762019335080686,-1.22649828800004,-0.365101688749882,0.0178878931057295,0.214495721570076,0.519856195224005,0.897941982422325,2.13706221773364,2.23376998436128,1.70867766148488,0.304550637677977,0.926377553192172,0.917793229940898
"SIGLEC17P",-1.07902702405621,-0.00451969178600579,-1.02322176451124,-0.425634822752548,-0.256265230010067,1.15568714532027,-0.853007199051519,-0.500868525161007,-0.247069851474872,-0.602784094126772,-0.912795689633733,-0.969398484831112,-0.276423017745288,-0.787905757208602,-0.792385595018268,-0.201101853248553,-1.18473311098336,0.0318289591382206,1.23269825525149,2.01514299141891,0.0270111322416571,2.57660512590303,1.22300330512733,1.09659835144426,0.544149259277398,0.214417186476596
"GLTSCR2 /// SNORD23",-0.675980573481327,-0.0967778922115507,-0.662491725232163,-0.868979826331514,-0.13776243605484,0.690681297327111,-0.889574559612767,-0.461813562709116,-0.703863345322862,-0.561897439287911,0.0754292943685078,-0.0265083738461626,-0.410922523337779,-0.45913818276379,-0.996090732655857,-0.164134851558446,-0.571788755355276,-0.437137451936802,0.222281089310702,4.01420523947838,0.727870975999726,-0.345163202227738,0.63816036336497,0.84562564224577,0.191049348956047,1.06472218287469
"BC150507 /// SCAMP5",-0.542131746344647,-0.402358196289925,0.138200333057802,-0.749416957296991,-0.586904035486495,0.425791364493681,-0.591352913706143,0.0873673394964068,-0.723683249948048,-0.0287912054631147,-0.248261267368201,-0.748325885113295,-0.748785840437252,-0.609139835465178,-0.720134456715797,-0.83333963911388,-0.710714624549597,0.208231174551575,0.966912942600044,0.57690254894179,-0.41244284893874,3.82377079720357,0.309712122176221,0.343614001657495,0.053346506052041,1.72193357200668
"RABGEF1",-0.634469319802828,-0.28790901277927,-0.565970570050545,-0.296006723235275,-0.445775534209382,0.427944581368881,-0.73182858373181,-0.476185349406331,0.0225793634499288,-0.62683417249699,-0.0501629749059206,-0.249995966434123,-0.32813487487525,-0.496750564423373,-0.404148277088081,-0.334399464699113,-0.45247127857445,-0.517235830253967,-0.311105698161705,0.651670958332855,-0.295755454363579,0.189410472943396,4.40439439972996,0.183311492148605,0.771840296221232,0.853988085297138
"BC034319 /// RP11-11N9.4",-0.241529854741886,0.0805092485571145,-1.46029935353925,0.757723966349725,-1.00924328307249,0.559300500556853,-0.576850980435795,-1.43582690413689,-1.17775771819373,-1.01199682531479,-0.0167695211863023,-0.0882166962100448,-0.815633620147017,0.180768737569928,-0.741405484963916,-0.740304851436058,-0.646978178595166,-0.479325449438801,0.247041759959146,1.36337008691445,0.51036735228803,2.19121492421192,0.438285648326519,0.74073660830587,1.34799255228679,2.0248273360858
"GPR113",0.475942149392134,-0.962608485185198,-0.143787121934247,-0.40484340293904,1.82043714760778,-1.08440186587231,-0.923258122477457,1.01014108419104,0.849576205109058,1.31594759101901,1.53360107921067,1.3060824564812,1.10425877338872,0.465177881924693,0.878019198911262,0.808646661044623,-0.719054903082465,0.275625463745093,-1.06020366596706,-1.10060411462586,-0.938968887442289,-0.799641274881362,-0.980279613213513,-0.744867616469389,-1.00469930375171,-0.976237314183386
"LOC101927609",-1.15313469594029,-0.17799049595705,-0.639819520995857,-0.374556210307031,-0.264533102080479,0.666214414515238,-0.882830798181486,-0.727852611749266,-0.712823200451575,-0.980685194717167,-0.500615988176318,-0.331783167236895,-0.526583494892577,-0.62313425429512,-0.6258746842488,-0.652172932511193,-0.0890296107365648,0.0670481839529314,-0.377524293532725,3.06784905064598,0.549166269941908,1.06939694994186,1.05545855621194,2.18427515782188,-0.045036689756013,1.02657236273467
"LOC286052",-0.153223196653114,-0.0872755039810505,-0.831094396855937,0.833238559673022,-1.39251258981165,0.676200662391566,-0.78158039043263,-1.16981337776864,-0.642084975925204,0.226778261511822,-0.839693077194317,-0.753309750549827,-0.569161411074267,-0.444388758375936,-0.960963107756518,-0.361713658521269,-0.535031038561211,-0.469310979612879,0.97594287538273,3.12005429130455,1.0963170570967,0.307125622965749,0.527144631487411,0.0416900150479499,0.486728630990023,1.69993560522292
"AC018816.3",-0.496732475705244,0.157960548360296,-0.973138160080656,-0.832912414320418,0.0483969313965555,0.267961075453032,0.350682726543038,-1.2274461817926,-0.239790109971925,-1.37113416025454,-0.979624595072682,-0.446487810870645,-0.387051229091389,-1.22802984891365,-0.680402772241084,0.00048245391660489,-1.11892610786774,0.255178653473929,1.31258518682414,1.66047207633165,1.23857373125451,1.88795661682917,0.313086049801698,2.19017519503273,0.556226536588255,-0.258061915623035
"FAM223B",-1.00082499787379,-0.574631344006276,-1.4292980927303,0.311953885815865,-0.817775920999599,-0.146684273993383,-0.568816057365865,-0.144962394109617,0.727046775597567,-1.1396413142174,-0.811411903407219,0.488897542442861,-0.455556727428923,-0.596807643168624,-0.347305355835242,-0.757056002900644,-0.832648421973665,-0.512145395257304,0.212545281976908,1.67837595049977,0.834522355155705,2.55198716229661,0.396023252008965,0.691934301923849,0.0407357287396025,2.20154360881015
"SEMA4C",-0.650272141771904,0.548260975143853,0.584225142325685,-0.44854317868603,-0.954475755584649,-1.17139524681079,-0.661804615649635,-0.920686768409964,-0.421342262374883,-0.214262445801201,-1.18670637014652,-0.541781130737787,-0.387102159839373,-0.701292842432369,-1.13632884386188,-0.824335673719641,-0.117755024005641,-0.188254081978572,2.2770243676007,1.31677842395255,0.247630552307941,2.28296033111096,1.39648738166827,1.01540656398894,0.565385492900329,0.292179310811617
